kambria;kat;11;99%;28%;38%;100%;0;101;111;;11;15;-74;0;2;63;91;37;39;50;65;1;23%;1%;-44%
wrapped-nxm;wnxm;8;10%;65%;35%;0%;111;0;100;;0;41;37;10;1;53;59;40;56;46;32;3;9%;-1%;10%
cudos;cudos;6;87%;5%;-1%;24%;100;0;0;;0;8;-136;10;1;34;35;66;36;28;23;3;0%;11%;19%
cere-network;cere;7;13%;27%;32%;0%;0;0;0;;10;8;-87;0;2;62;70;43;39;45;36;0;0%;-1%;-5%
euler;eul;10;23%;53%;-1%;51%;110;0;1;;1;7;34;0;2;61;1;64;50;14;43;2;0%;6%;17%
maker;mkr;10;58%;81%;46%;60%;111;1;110;;1;24;101;10;0;28;50;54;69;48;55;2;2%;4%;0%
vulcan-forged;pyr;5;40%;22%;47%;0%;0;1;100;;1;1;-108;0;0;33;37;22;42;48;36;2;13%;18%;13%
gifto;gto;6;594%;73%;24%;7%;11;0;0;;1;15;86;0;0;16;29;49;54;36;35;0;-4%;-13%;-24%
dydx;dydx;12;18%;49%;82%;75%;1;111;111;;11;10;6;0;1;68;48;45;50;59;59;1;8%;-12%;-22%
energi;nrg;11;408%;39%;71%;54%;0;11;10;;11;7;-48;0;3;125;77;71;45;52;50;3;0%;7%;2%
ark;ark;11;439%;76%;28%;86%;110;101;11;;1;10;87;10;0;8;36;36;61;48;58;3;2%;49%;2%
tellor;trb;13;957%;87%;52%;41%;111;101;110;;1;14;110;0;1;-9;65;41;78;53;45;1;2%;-4%;-12%
livepeer;lpt;6;111%;52%;36%;0%;101;0;0;;0;8;6;0;1;52;63;53;52;48;37;3;1%;1%;14%
aleph;aleph;8;48%;24%;51%;34%;0;10;0;;10;7;-99;0;3;66;57;79;41;47;45;2;2%;-7%;17%
the-open-network;ton;10;163%;70%;35%;65%;10;101;110;;1;28;62;10;0;15;48;39;57;48;51;2;15%;5%;5%
world-mobile-token;wmt;9;55%;99%;49%;69%;11;100;10;;10;3;175;1;0;36;44;44;62;59;51;0;-1%;-3%;-9%
wax;waxp;10;52%;49%;77%;14%;1;111;100;;10;5;-8;0;0;54;1;23;45;57;39;4;2%;100%;218%
bifrost-native-coin;bnc;11;34%;39%;56%;81%;101;1;111;;1;13;-33;0;1;64;50;50;48;50;65;3;0%;4%;3%
bitshares;bts;8;20%;48%;31%;31%;1;10;0;;10;1;-1;0;2;70;59;46;50;44;43;2;4%;-27%;-40%
verasity;vra;8;65%;102%;53%;29%;11;10;0;;0;15;178;1;1;15;59;45;66;48;41;0;1%;-11%;-12%
solana;sol;6;49%;72%;0%;0%;101;0;0;;0;3;66;0;1;48;57;27;58;44;29;2;5%;-4%;-6%
step-app-fitfi;fitfi;5;80%;64%;10%;10%;10;0;100;;0;0;45;0;0;36;52;25;45;41;30;2;4%;8%;1%
wing-finance;wing;6;37%;72%;22%;7%;10;0;0;;0;2;63;0;0;47;47;45;53;42;36;3;5%;-32%;-19%
gnosis;gno;6;23%;19%;39%;0%;0;0;0;;1;3;-101;0;2;66;62;52;37;41;36;2;-1%;12%;14%
tron;trx;11;27%;89%;58%;19%;111;10;100;;0;24;117;10;1;26;78;44;66;49;41;2;6%;7%;-2%
alkimi;$ads;5;60%;42%;5%;40%;0;0;1;;0;6;-21;1;0;39;28;29;44;29;42;2;1%;24%;34%
hedera-hashgraph;hbar;4;43%;24%;22%;0%;0;0;0;;1;11;-83;0;1;40;68;44;42;42;33;2;6%;7%;0%
helium;hnt;10;63%;30%;43%;100%;100;100;111;;11;3;-62;0;1;49;62;3;44;51;90;2;2%;6%;10%
funfair;fun;8;43%;49%;44%;7%;1;100;0;;10;0;2;0;3;76;72;79;48;51;46;2;8%;-3%;-8%
lossless;lss;7;40%;34%;43%;35%;1;100;100;;10;8;-49;1;2;57;55;71;40;51;49;0;0%;-1%;-5%
ampleforth;ampl;7;45%;56%;-1%;13%;110;0;0;;0;6;19;0;0;36;32;28;50;25;32;3;0%;12%;-15%
wanchain;wan;6;32%;38%;31%;57%;0;10;1;;10;6;-41;0;2;81;57;20;45;44;53;1;3%;-7%;-11%
zcoin;firo;5;26%;29%;6%;25%;0;0;0;;10;5;-62;0;2;84;50;77;41;38;41;2;4%;1%;5%
ripple;xrp;7;63%;39%;0%;0%;101;0;0;;0;16;-38;0;2;77;62;10;47;40;23;3;-9%;48%;39%
thorchain;rune;7;149%;66%;24%;0%;110;0;0;;0;17;58;0;1;32;73;37;58;36;25;0;3%;-48%;-67%
prometeus;prom;5;11%;36%;26%;11%;0;0;100;;1;1;-47;0;0;26;38;53;47;44;43;1;5%;-14%;-13%
aave;aave;6;45%;69%;22%;0%;11;0;0;;0;6;62;0;0;42;46;38;53;42;32;2;2%;0%;-5%
strike;strk;7;30%;58%;28%;17%;1;100;0;;10;2;34;1;0;53;50;51;50;44;38;1;10%;-21%;-20%
orbs;orbs;9;63%;106%;63%;13%;11;110;0;;10;6;157;1;0;23;0;51;70;57;36;1;-1%;-31%;-72%
compound-governance-token;comp;8;123%;41%;44%;15%;101;1;110;;1;10;-31;0;1;59;55;23;47;48;38;3;-2%;123%;61%
fetch-ai;fet;5;35%;50%;32%;0%;10;0;0;;10;21;2;0;0;50;51;30;47;47;31;2;2%;12%;7%
havven;snx;8;50%;29%;73%;0%;0;1;100;;10;8;-71;0;2;75;65;25;44;51;31;2;29%;5%;13%
eos;eos;4;56%;32%;10%;0%;0;0;0;;10;6;-58;0;1;70;54;26;36;39;27;2;17%;4%;-2%
everipedia;iq;10;42%;48%;35%;51%;10;1;101;;1;11;-7;0;2;48;63;71;48;48;50;3;10%;62%;115%
nakamoto-games;naka;11;144%;101%;36%;-1%;111;10;100;;0;47;163;10;1;20;68;15;79;47;26;0;-2%;-2%;-1%
trust-wallet-token;twt;7;39%;102%;59%;0%;1;110;0;;10;5;185;1;0;35;26;29;63;59;34;2;-4%;-28%;-44%
looksrare;looks;12;39%;90%;71%;8%;11;111;100;;10;5;134;1;1;63;47;53;50;60;41;2;1%;-3%;13%
project-galaxy;gal;8;25%;44%;49%;0%;10;10;0;;0;1;-18;0;2;63;58;33;46;46;31;2;7%;-7%;-4%
curve-dao-token;crv;5;69%;39%;10%;0%;0;0;0;;10;9;-38;0;2;59;56;31;39;39;29;3;4%;6%;12%
wrapped-bitcoin;wbtc;9;21%;63%;40%;4%;1;110;100;;10;34;39;0;2;56;76;37;54;50;36;2;0%;15%;29%
audius;audio;9;44%;29%;76%;54%;0;1;110;;11;10;-74;0;3;89;60;58;36;52;50;2;-10%;10%;4%
boba-network;boba;7;35%;25%;57%;0%;1;10;0;;10;2;-80;1;2;57;70;15;31;50;20;0;0%;-7%;-40%
victoria-vr;vr;11;67%;33%;79%;52%;0;11;10;;10;5;-70;0;2;74;6;96;43;56;49;2;0%;-2%;17%
marcopolo;map;7;46%;39%;18%;0%;1;100;0;;10;15;-38;0;1;74;31;38;36;42;23;3;5%;21%;17%
persistence;xprt;8;95%;37%;16%;40%;1;0;1;;11;0;-52;0;3;79;62;79;40;44;49;2;2%;6%;4%
lukso-token;lyxe;7;47%;22%;16%;100%;0;100;1;;10;24;-71;0;2;58;48;79;37;45;54;2;-1%;-39%;16%
cirus;cirus;3;43%;-5%;-1%;20%;0;0;0;;0;7;-226;10;0;54;33;41;33;27;25;1;0%;0%;-7%
stargate-finance;stg;6;63%;17%;39%;0%;0;1;100;;11;12;-103;0;1;59;45;32;35;43;35;2;12%;7%;9%
yfii-finance;yfii;9;194%;59%;49%;3%;1;101;100;;10;0;23;0;2;52;70;59;48;53;43;1;12%;-8%;-5%
tranchess;chess;7;39%;36%;22%;0%;0;0;100;;10;6;-48;0;1;72;49;31;41;41;32;2;8%;0%;14%
digibyte;dgb;7;46%;29%;43%;0%;0;10;100;;10;6;-67;0;2;67;62;34;39;49;28;2;0%;0%;1%
nervos-network;ckb;7;24%;37%;4%;0%;0;100;0;;0;7;-42;0;1;92;38;41;43;40;34;1;-4%;0%;-3%
sushi;sushi;7;45%;30%;32%;0%;0;0;100;;10;1;-71;0;2;86;61;23;40;45;26;2;6%;5%;9%
matic-network;matic;7;55%;43%;25%;0%;1;100;0;;10;10;-22;0;1;71;49;32;41;43;28;1;15%;-5%;-8%
just;jst;5;39%;61%;17%;0%;10;0;0;;0;8;43;0;0;26;52;22;51;40;23;2;5%;7%;-2%
hackenai;hai;8;50%;47%;7%;58%;10;0;10;;1;15;3;0;1;51;28;61;48;31;42;2;-1%;1%;-1%
litecoin;ltc;5;75%;38%;9%;0%;1;0;0;;10;22;-40;0;2;75;59;24;40;43;27;0;1%;-20%;-10%
dash;dash;8;46%;38%;29%;27%;0;1;0;;11;11;-37;0;3;78;58;63;38;44;45;2;-46%;17%;13%
morpheus-labs;mitx;5;63%;14%;0%;46%;0;0;1;;10;13;-112;0;1;59;50;54;37;39;45;2;-5%;17%;2%
conflux-token;cfx;5;111%;36%;17%;6%;0;0;0;;1;20;-47;0;1;90;44;46;39;36;38;2;6%;7%;-14%
origin-dollar;ousd;10;0%;39%;80%;36%;101;1;100;;10;2;-65;0;2;73;65;35;49;55;49;2;1%;0%;-17%
siacoin;sc;11;44%;51%;73%;3%;1;111;100;;10;8;1;0;1;65;49;39;49;57;38;3;8%;71%;91%
ardor;ardr;9;38%;52%;48%;26%;10;110;100;;10;7;11;0;2;60;49;71;49;50;44;2;-91%;64%;22%
lever;lever;10;286%;49%;70%;31%;10;11;100;;1;5;-4;0;1;9;72;41;48;36;43;1;5%;-2%;-3%
api3;api3;9;49%;43%;44%;21%;10;1;101;;0;3;-27;0;1;56;55;31;47;46;43;3;9%;18%;16%
aelf;elf;8;54%;63%;1%;0%;110;0;100;;1;40;41;10;0;24;55;44;57;36;34;3;11%;62%;139%
voxies;voxel;6;27%;54%;-1%;0%;1;0;0;;0;4;21;1;1;72;46;13;47;34;17;2;6%;7%;5%
stp-network;stpt;9;97%;90%;22%;0%;111;100;0;;0;19;132;10;1;24;61;38;66;44;28;1;2%;0%;-9%
klay-token;klay;7;66%;33%;66%;0%;1;110;0;;10;4;-60;0;0;46;29;41;35;61;32;3;-29%;20%;-4%
kaspa;kas;7;65%;74%;2%;0%;111;0;0;;0;42;81;1;0;42;35;12;64;36;25;2;1%;6%;-1%
aragon;ant;10;31%;80%;41%;7%;111;1;0;;0;45;99;10;1;42;62;50;62;46;41;3;3%;8%;21%
elastos;ela;5;34%;33%;29%;44%;100;0;0;;1;10;-54;10;0;53;53;33;46;41;44;3;3%;0%;1%
monero;xmr;9;20%;78%;61%;0%;1;110;100;;10;7;78;0;0;51;39;26;58;59;29;3;1%;-9%;-13%
origintrail;trac;10;23%;35%;69%;21%;0;11;10;;11;15;-68;0;1;73;55;52;45;48;42;2;1%;3%;9%
quick;quick;9;198%;58%;27%;44%;11;100;0;;10;9;44;0;1;99;27;47;49;44;46;2;1%;26%;-68%
harmony;one;9;41%;30%;74%;2%;0;1;100;;11;9;-68;0;2;76;64;48;35;51;38;2;5%;4%;8%
reef;reef;5;33%;35%;19%;0%;0;0;0;;10;0;-50;0;2;71;59;27;41;42;26;3;18%;8%;7%
telcoin;tel;6;67%;28%;24%;13%;0;0;0;;11;14;-71;0;3;74;69;62;31;43;42;2;9%;6%;-13%
amber;amb;8;150%;69%;17%;67%;10;0;11;;1;8;82;0;0;31;44;55;52;42;48;2;1%;3%;83%
scallop;sclp;8;66%;33%;26%;0%;1;101;100;;10;6;-58;0;1;71;36;19;38;48;27;2;-1%;-5%;5%
bluzelle;blz;10;436%;58%;57%;66%;110;1;10;;1;21;28;10;0;22;53;35;56;48;55;2;2%;13%;12%
ethereum;eth;4;24%;35%;31%;2%;1;0;0;;10;20;-51;0;2;57;59;39;42;44;33;3;11%;3%;6%
status;snt;10;30%;65%;47%;0%;11;100;0;;10;1;46;0;3;63;65;60;53;54;34;1;0%;-38%;-29%
bitcoin;btc;10;21%;63%;59%;14%;1;111;100;;10;34;38;0;1;55;82;53;54;55;40;2;12%;-7%;11%
rif-token;rif;4;28%;27%;14%;0%;0;0;0;;10;9;-72;0;1;76;43;31;38;40;29;1;3%;-18%;-39%
selfkey;key;9;44%;79%;69%;0%;11;110;100;;10;9;83;0;0;49;21;6;53;57;33;4;2%;78%;167%
secret;scrt;8;58%;35%;54%;3%;1;10;100;;10;0;-52;0;1;66;35;18;35;50;30;3;2%;19%;98%
dogecoin;doge;4;43%;30%;0%;0%;0;0;0;;10;4;-63;0;1;80;54;19;40;39;28;2;37%;7%;-2%
thunder-token;tt;7;57%;75%;8%;0%;11;100;0;;0;8;86;0;0;30;51;38;56;37;28;1;2%;15%;-24%
rmrk;rmrk;10;40%;64%;84%;0%;1;111;100;;10;4;42;0;0;52;35;27;52;65;29;2;40%;-10%;-29%
omisego;omg;10;50%;38%;65%;0%;1;10;10;;11;4;-42;0;1;75;53;43;37;50;39;3;12%;3%;23%
epik-prime;epik;8;147%;21%;82%;77%;0;11;10;;11;6;-85;0;0;44;45;31;31;54;58;2;-1%;-4%;-5%
icon;icx;9;54%;47%;60%;6%;1;10;0;;10;10;-21;0;2;72;21;72;44;52;37;4;1%;34%;96%
vega-protocol;vega;8;151%;77%;59%;8%;11;110;0;;10;8;94;0;0;37;32;48;55;58;32;2;4%;18%;-22%
vaiot;vai;4;145%;21%;21%;4%;0;1;0;;11;23;-92;0;1;56;22;34;35;40;38;3;1%;0%;8%
smooth-love-potion;slp;5;30%;49%;0%;0%;1;0;0;;10;0;-1;0;0;52;51;29;42;38;26;2;6%;2%;-12%
the-sandbox;sand;6;74%;31%;33%;0%;0;0;100;;10;1;-61;0;2;68;69;24;31;46;28;2;8%;14%;14%
gitcoin;gtc;8;47%;32%;28%;6%;0;1;100;;1;4;-57;0;3;75;56;62;43;41;40;2;3%;-9%;15%
nexo;nexo;9;26%;18%;59%;30%;0;1;110;;11;0;-106;0;3;56;79;79;36;51;46;1;0%;12%;14%
xyo-network;xyo;10;39%;67%;59%;40%;1;110;1;;10;1;49;1;2;60;0;81;51;55;40;2;-9%;-24%;-23%
trias-token;trias;8;44%;51%;23%;59%;1;100;1;;10;31;9;1;2;44;63;68;50;44;49;1;-42%;29%;-24%
hathor;htr;6;55%;38%;25%;14%;1;100;0;;10;8;-50;0;1;65;23;55;43;43;31;0;1%;-19%;-11%
spell-token;spell;9;49%;65%;93%;72%;10;1;110;;1;1;42;0;0;29;52;11;50;58;58;3;5%;10%;-11%
govi;govi;10;43%;51%;33%;0%;1;101;100;;11;13;-4;0;2;85;50;83;35;46;42;2;17%;29%;158%
nkn;nkn;7;30%;29%;38%;17%;0;1;110;;11;11;-70;0;1;76;53;48;43;46;39;3;-7%;-2%;8%
binancecoin;bnb;7;24%;30%;38%;30%;0;1;100;;11;5;-63;0;1;66;47;50;35;46;44;3;4%;3%;15%
streamr;data;12;24%;71%;44%;102%;11;10;11;;11;13;59;0;2;58;72;16;49;48;70;4;3%;12%;79%
biconomy;bico;7;38%;61%;13%;24%;11;0;0;;1;5;44;0;1;54;48;58;48;40;41;2;6%;0%;8%
zelcash;flux;14;53%;50%;102%;84%;1;111;111;;11;4;-12;0;1;67;25;28;43;72;60;3;5%;17%;71%
gari-network;gari;9;1626%;79%;13%;22%;11;0;10;;1;7;99;0;1;8;66;37;54;40;40;1;4%;-3%;-6%
blockstack;stx;11;51%;49%;52%;36%;1;101;10;;10;12;3;0;3;69;69;57;46;52;43;2;124%;22%;7%
ssv-network;ssv;9;42%;47%;42%;0%;10;10;100;;10;23;-16;0;1;65;31;33;44;45;32;4;2%;6%;74%
bitcoin-cash;bch;7;46%;66%;16%;16%;111;0;0;;0;22;52;0;1;48;56;43;56;43;36;2;6%;8%;-1%
presearch;pre;10;86%;17%;74%;63%;0;11;110;;11;12;-103;0;2;47;75;61;29;54;56;2;-8%;-23%;12%
alchemy-pay;ach;8;51%;33%;25%;12%;10;0;100;;0;19;-53;0;2;65;62;34;39;43;35;2;44%;-10%;0%
nym;nym;2;159%;24%;12%;0%;0;0;0;achat;1;4;-80;0;1;48;10;56;27;16;23;0;0%;0%;0%
measurable-data-token;mdt;9;40%;52%;72%;64%;10;1;110;;1;13;-2;0;0;52;46;17;49;53;58;3;11%;55%;-6%
terra-luna-2;luna;3;83%;37%;10%;0%;0;0;0;;10;0;-39;0;1;50;57;28;35;36;28;2;6%;10%;19%
wemix-token;wemix;6;220%;90%;4%;1%;11;0;0;;0;12;120;0;0;9;52;53;69;40;38;3;5%;3%;11%
tomochain;tomo;7;50%;67%;19%;0%;111;100;0;;0;29;66;1;0;47;43;42;56;44;28;1;2%;-8%;-13%
haven;xhv;7;222%;28%;35%;47%;1;100;1;;10;11;-65;0;0;42;55;43;38;51;46;0;2%;-11%;-7%
quant-network;qnt;11;31%;17%;90%;97%;0;11;111;;11;0;-102;0;1;46;67;33;35;58;64;2;5%;11%;10%
woonkly-power;woop;7;487%;21%;58%;31%;0;1;110;;11;1;-98;0;2;60;43;57;34;51;45;2;0%;0%;3%
dexe;dexe;9;6%;46%;16%;23%;10;10;0;;10;7;14;0;3;90;59;74;46;41;37;2;0%;16%;26%
radio-caca;raca;8;44%;33%;52%;17%;1;10;0;;10;1;-56;0;1;62;46;38;36;50;40;1;-2%;4%;-7%
morpheus-network;mnw;12;14%;90%;79%;0%;11;111;0;;10;16;109;0;1;71;29;39;51;65;32;1;0%;-12%;-3%
uniswap;uni;4;94%;33%;21%;0%;0;0;0;;10;1;-54;0;1;67;54;33;40;44;35;2;13%;3%;6%
derace;derc;10;21%;45%;69%;41%;1;101;110;;11;1;-18;0;2;64;69;38;48;54;48;2;1%;0%;15%
pundi-x-2;pundix;9;32%;57%;55%;32%;11;1;100;;1;4;23;0;1;52;79;42;49;49;49;3;-6%;47%;96%
unizen;zcx;11;61%;98%;76%;49%;11;110;1;;10;2;140;0;1;45;11;69;57;67;48;2;1%;2%;0%
raydium;ray;5;39%;34%;0%;7%;1;0;0;;0;0;-49;0;1;70;55;24;42;37;20;2;-3%;8%;1%
storm;stmx;8;81%;68%;8%;0%;110;100;0;;0;6;58;0;1;51;61;43;56;41;32;2;4%;-1%;6%
balancer;bal;6;61%;27%;33%;35%;0;1;100;;11;12;-70;0;1;61;45;55;28;44;45;1;11%;-6%;-9%
hive;hive;10;45%;58%;57%;15%;1;110;0;;10;1;20;1;3;60;69;77;50;54;42;1;8%;28%;-49%
swash;swash;10;48%;17%;35%;95%;0;1;111;;11;8;-103;0;3;66;59;64;34;46;60;3;0%;13%;5%
enjincoin;enj;11;56%;31%;102%;77%;1;11;111;;11;10;-69;0;1;61;16;34;38;77;65;4;2%;82%;159%
safepal;sfp;10;67%;81%;44%;20%;111;100;100;;0;14;98;0;1;33;63;31;65;55;39;1;2%;-7%;-22%
1inch;1inch;10;50%;43%;100%;45%;0;11;110;;11;1;-26;0;1;67;48;47;41;59;52;3;-1%;17%;20%
aurory;aury;11;148%;29%;22%;87%;100;1;111;;1;2;-83;0;2;68;44;83;41;36;53;4;0%;-1%;9%
moviebloc;mbl;9;42%;63%;35%;6%;111;100;0;;0;13;53;0;1;50;48;71;56;47;41;3;7%;32%;-56%
terrausd;ustc;4;52%;27%;18%;0%;0;0;0;;1;0;-79;0;2;87;57;18;40;39;26;2;8%;5%;2%
pstake-finance;pstake;11;88%;38%;66%;56%;1;11;1;;10;7;-38;0;2;67;45;59;37;53;49;2;1%;1%;6%
aleph-zero;azero;5;30%;31%;8%;5%;0;0;0;;10;10;-59;0;1;60;48;53;40;39;34;2;8%;13%;1%
akash-network;akt;6;198%;44%;21%;0%;101;100;0;;0;23;-18;1;0;29;26;37;53;45;24;2;1%;2%;7%
badger-dao;badger;9;34%;52%;54%;14%;11;10;0;;10;3;19;0;2;59;60;34;49;48;40;1;4%;-5%;-15%
crypto-com-chain;cro;4;28%;31%;17%;9%;0;0;0;;10;0;-59;0;3;83;58;56;36;45;39;2;4%;-5%;7%
dusk-network;dusk;10;42%;60%;80%;2%;11;11;100;;10;11;30;0;1;59;51;27;49;59;34;2;4%;7%;-4%
yearn-finance;yfi;9;42%;33%;61%;54%;1;101;10;;11;4;-52;0;1;70;50;39;37;55;48;2;5%;-1%;0%
dent;dent;9;49%;32%;80%;5%;1;1;100;;10;9;-60;0;2;71;67;52;37;53;41;1;9%;-13%;-6%
shiba-inu;shib;4;57%;28%;0%;0%;0;0;0;;10;13;-78;0;1;62;46;17;39;36;21;3;15%;12%;9%
arpa;arpa;4;48%;34%;9%;0%;0;0;0;;0;14;-51;0;1;79;41;20;45;39;26;3;3%;22%;11%
prosper;pros;6;51%;45%;7%;-1%;10;0;0;;0;0;-11;0;2;61;58;22;43;37;21;2;4%;3%;-1%
immutable-x;imx;6;70%;34%;28%;12%;0;0;0;;10;15;-53;0;1;49;62;55;41;43;39;1;3%;8%;9%
electroneum;etn;11;29%;64%;80%;96%;1;11;111;;11;3;25;0;0;49;36;22;51;54;70;2;2%;6%;0%
vechain;vet;8;27%;57%;48%;0%;11;10;0;;10;9;17;0;1;56;51;33;48;49;28;3;3%;5%;12%
ethereum-classic;etc;5;32%;36%;2%;0%;0;0;0;;0;0;-46;0;1;64;52;29;42;37;29;2;28%;5%;6%
phoenix-global;phb;6;37%;71%;22%;-1%;11;0;0;;0;12;83;0;1;59;50;19;49;40;26;1;6%;-20%;-16%
origin-protocol;ogn;8;119%;84%;33%;7%;11;0;100;;1;5;130;0;1;20;62;27;60;45;37;2;4%;-4%;-3%
matrix-ai-network;man;4;77%;21%;6%;2%;0;100;0;;10;25;-90;0;1;60;52;44;38;41;32;0;1%;-11%;-6%
oraichain-token;orai;14;63%;84%;95%;78%;11;111;111;;10;18;100;0;1;56;40;38;52;66;57;3;-22%;26%;34%
divi;divi;7;106%;25%;33%;40%;0;1;100;;11;0;-80;0;2;61;54;88;32;46;50;2;0%;-1%;-1%
mobox;mbox;5;43%;22%;6%;0%;0;0;0;;1;1;-91;0;1;67;48;23;34;30;27;3;3%;4%;10%
xdce-crowd-sale;xdc;5;78%;26%;7%;15%;100;0;0;;0;21;-89;10;2;57;73;45;49;42;37;4;2%;16%;7%
stratis;strax;7;112%;102%;34%;14%;11;100;0;;0;8;300;0;0;7;26;46;65;46;31;2;-6%;-43%;-17%
playdapp;pla;8;41%;48%;66%;0%;1;110;100;;10;0;-12;0;0;53;44;50;48;53;39;3;3%;69%;14%
utrust;utk;7;38%;31%;21%;0%;0;10;0;;10;2;-59;0;1;77;48;45;37;40;28;1;-14%;0%;7%
ecash;xec;5;51%;41%;10%;8%;0;0;0;;0;4;-30;0;2;67;58;51;46;41;39;2;17%;17%;12%
alpine-f1-team-fan-token;alpine;5;30%;18%;22%;0%;0;10;0;;10;6;-98;0;0;47;53;42;39;44;26;1;1%;-36%;1%
aioz-network;aioz;7;54%;44%;13%;4%;1;100;0;;10;0;-16;0;1;86;45;50;41;43;39;2;0%;1%;10%
santos-fc-fan-token;santos;5;27%;19%;0%;0%;0;0;0;;10;0;-98;0;2;60;65;22;34;38;18;0;-24%;-4%;-4%
cream-2;cream;8;145%;79%;21%;38%;11;0;10;;1;20;99;10;0;37;48;32;55;41;43;2;16%;5%;-2%
verge;xvg;9;68%;33%;45%;18%;100;1;110;;1;9;-56;0;2;89;58;40;47;46;44;3;2%;16%;24%
alchemix;alcx;5;36%;52%;0%;0%;10;0;0;;0;4;3;0;0;41;45;27;44;35;26;2;2%;15%;0%
pnetwork;pnt;5;126%;57%;24%;0%;10;0;0;;1;7;38;0;0;30;36;44;50;39;37;1;-2%;-4%;-34%
sharering;shr;8;27%;44%;34%;0%;1;110;0;;10;11;-17;0;1;74;42;43;43;47;36;1;-1%;-10%;-29%
defichain;dfi;5;47%;37%;7%;2%;10;0;0;;1;2;-47;0;0;31;36;45;41;32;34;1;14%;-10%;-16%
metis-token;metis;4;66%;36%;7%;10%;0;0;0;;1;8;-44;0;0;55;46;28;37;27;34;2;15%;1%;-9%
beta-finance;beta;6;34%;-3%;18%;8%;0;0;100;;1;4;-225;10;0;48;46;41;36;32;33;2;2%;1%;-22%
zcash;zec;8;32%;44%;21%;18%;0;1;10;;1;0;-11;0;1;68;39;42;44;40;40;2;8%;8%;24%
axie-infinity;axs;5;62%;29%;27%;1%;0;0;0;;10;1;-66;0;2;68;70;32;35;46;29;3;7%;10%;7%
cardano;ada;8;35%;38%;31%;55%;1;1;10;;11;2;-40;0;1;74;40;44;41;46;50;1;-1%;2%;-14%
illuvium;ilv;5;41%;28%;19%;0%;0;0;0;;10;10;-80;0;2;71;68;51;41;43;35;2;-12%;-9%;14%
paribus;pbx;10;110%;38%;43%;78%;1;101;11;;11;10;-37;0;1;98;44;31;46;51;59;1;2%;-1%;-14%
covalent;cqt;11;130%;107%;71%;0%;11;111;100;;10;15;216;0;1;15;67;31;69;60;33;2;2%;9%;1%
automata;ata;10;34%;58%;95%;67%;10;1;111;;11;8;27;0;1;59;43;46;45;58;63;3;2%;10%;63%
manchester-city-fan-token;city;5;32%;21%;0%;0%;0;0;0;;10;8;-89;0;2;74;18;71;31;35;38;4;22%;-11%;119%
amp-token;amp;3;98%;22%;5%;0%;0;0;0;;11;10;-87;0;0;49;50;51;28;34;35;2;1%;14%;16%
chromaway;chr;5;46%;36%;21%;1%;0;0;0;;1;9;-45;0;1;63;45;35;42;38;33;3;11%;-9%;60%
mirror-protocol;mir;10;502%;40%;63%;8%;1;101;110;;11;0;-39;0;2;107;68;55;31;56;38;2;0%;2%;10%
terra-luna;lunc;6;68%;28%;7%;0%;0;0;0;;10;0;-74;0;2;69;60;33;31;38;29;2;10%;4%;0%
h2o-dao;h2o;8;22%;61%;57%;6%;1;110;0;;10;0;34;0;2;55;82;59;50;54;40;2;0%;-1%;0%
melon;mln;5;47%;38%;6%;26%;0;0;0;;10;4;-41;0;1;41;51;73;43;38;31;0;-2%;-24%;-8%
keep3rv1;kp3r;5;55%;36%;0%;0%;0;0;0;;10;2;-45;0;1;72;43;21;38;35;17;2;7%;5%;-1%
wazirx;wrx;6;50%;30%;28%;8%;0;1;0;;11;1;-65;0;3;64;56;61;40;44;42;2;14%;3%;-5%
serum;srm;8;1265%;44%;8%;29%;1;100;0;;10;0;-12;1;2;80;30;61;40;38;31;2;1%;3%;15%
bitcoin-cash-sv;bsv;8;47%;63%;8%;35%;11;0;0;;0;2;46;0;1;51;55;60;52;37;40;2;3%;2%;1%
frontier-token;front;7;2489%;67%;23%;5%;110;0;0;;0;9;67;10;1;-7;60;22;56;44;31;0;-1%;-37%;-30%
axelar;axl;12;29%;29%;87%;22%;1;111;10;;10;0;-70;0;2;65;34;62;35;70;42;2;0%;8%;-5%
pluton;plu;9;61%;0%;55%;54%;0;1;11;;11;3;-183;10;1;42;53;60;31;47;48;0;1%;-5%;-13%
digitalbits;xdb;7;150%;29%;45%;4%;0;1;100;;11;0;-65;0;2;63;73;38;37;48;42;1;0%;-7%;-44%
bosagora;boa;8;90%;57%;27%;10%;1;100;100;;10;0;23;0;2;53;67;57;46;46;42;0;-2%;-15%;-26%
nimiq-2;nim;11;105%;78%;36%;62%;11;101;110;;1;15;103;0;0;28;53;0;53;48;54;2;10%;44%;1%
walken;wlkn;7;195%;6%;36%;62%;0;0;11;;10;3;-140;0;1;50;48;76;19;40;46;2;0%;4%;2%
stellar;xlm;6;52%;24%;5%;0%;100;0;0;;0;17;-89;10;2;64;60;14;45;40;21;3;30%;10%;14%
pancakeswap-token;cake;6;49%;29%;33%;0%;0;1;100;;11;1;-65;0;2;68;58;6;32;45;17;3;4%;1%;21%
hegic;hegic;12;58%;93%;90%;51%;1;111;110;;10;22;121;0;0;48;34;49;59;63;49;2;0%;-3%;-1%
tribe-2;tribe;10;21%;36%;25%;23%;1;100;110;;1;21;-40;0;2;67;47;70;46;45;47;1;-2%;-1%;-2%
avalanche-2;avax;6;69%;43%;12%;22%;1;100;0;;10;9;-19;0;2;58;21;57;42;43;37;3;1%;2%;-11%
quark-chain;qkc;7;50%;46%;36%;29%;1;100;1;;10;4;1;0;1;52;40;57;47;48;45;2;5%;-18%;-66%
theta-fuel;tfuel;10;54%;41%;44%;16%;1;10;100;;10;7;-30;0;3;69;64;63;43;49;40;4;2%;18%;248%
ultra;uos;10;51%;42%;72%;31%;1;10;0;;10;4;-31;0;2;51;72;67;43;51;44;1;2%;-11%;-15%
ocean-protocol;ocean;5;23%;18%;26%;0%;0;0;0;;1;18;-110;0;2;81;56;36;42;42;34;2;14%;-3%;0%
og-fan-token;og;9;44%;53%;30%;30%;10;0;10;;1;7;18;0;2;69;62;38;48;46;41;2;-2%;8%;-2%
chainlink;link;9;51%;79%;61%;1%;111;10;0;;0;6;77;0;0;37;50;50;60;50;34;3;2%;4%;58%
algorand;algo;8;31%;53%;54%;0%;1;10;0;;10;0;2;0;2;65;57;42;42;50;31;3;2%;0%;10%
metal;mtl;6;44%;46%;8%;10%;110;0;0;;0;7;-6;10;1;42;48;56;49;41;38;2;8%;20%;10%
dao-maker;dao;4;30%;-4%;26%;0%;0;1;0;;1;10;-238;10;1;49;31;56;25;26;39;1;2%;-16%;-33%
xdefi;xdefi;13;40%;38%;50%;73%;1;1;111;;11;0;-41;0;3;82;66;73;34;49;55;1;6%;-5%;-8%
kava;kava;4;68%;28%;22%;0%;0;0;0;;10;1;-71;0;1;72;52;30;32;44;28;2;17%;14%;14%
yield-guild-games;ygg;12;361%;49%;84%;66%;101;111;110;;11;2;9;0;1;73;49;25;53;63;62;2;4%;11%;-12%
singularitydao;sdao;7;22%;-2%;34%;4%;0;1;100;;1;7;-234;10;1;71;54;35;39;36;33;2;-1%;-6%;-19%
fsn;fsn;8;32%;24%;16%;0%;0;100;0;;10;20;-99;0;2;91;29;67;38;39;35;1;0%;-3%;-10%
avalaunch;xava;9;38%;46%;16%;30%;1;100;0;;11;9;-7;1;2;79;20;80;42;42;41;2;0%;10%;15%
truefi;tru;8;50%;75%;34%;21%;11;1;100;;1;8;85;0;0;53;49;26;51;46;41;3;25%;35%;17%
reserve-rights-token;rsr;9;29%;36%;60%;0%;0;11;100;;10;0;-64;0;2;77;57;33;40;49;36;3;9%;13%;17%
basic-attention-token;bat;9;44%;54%;73%;14%;1;10;100;;10;4;-5;0;1;71;21;45;50;55;35;3;0%;19%;137%
golem;glm;12;47%;57%;94%;16%;1;111;110;;10;2;20;0;1;67;50;50;51;65;41;3;5%;10%;34%
kusama;ksm;8;45%;26%;94%;3%;0;11;0;;10;2;-79;0;2;73;69;32;35;49;35;2;19%;3%;-1%
cartesi;ctsi;12;39%;52%;66%;58%;1;10;11;;10;10;-2;0;2;77;21;64;47;53;49;4;22%;2%;69%
sun-token;sun;9;13%;77%;60%;2%;11;10;0;;10;4;82;0;2;60;68;41;53;51;34;2;-1%;3%;2%
aptos;apt;6;63%;28%;21%;27%;0;0;10;;11;5;-71;0;1;70;49;52;33;40;39;2;1%;12%;8%
civic;cvc;5;41%;49%;36%;0%;1;0;0;;0;1;-7;0;1;54;58;53;46;45;32;2;6%;8%;-12%
polkadot;dot;3;44%;24%;3%;-1%;0;0;0;;10;3;-77;0;0;55;37;-1;33;36;15;3;6%;11%;16%
parsiq;prq;5;101%;10%;56%;4%;0;10;0;;10;12;-136;0;1;39;58;28;30;46;24;2;2%;-1%;5%
casper-network;cspr;5;37%;20%;22%;3%;0;100;0;;10;11;-92;0;1;60;48;31;37;43;27;2;-5%;18%;-26%
polkastarter;pols;6;41%;47%;24%;0%;1;0;0;;10;4;-9;0;1;75;29;38;44;43;32;2;4%;-3%;-47%
nem;xem;8;37%;41%;42%;0%;0;1;100;;11;3;-29;0;2;67;69;54;43;49;40;1;5%;0%;4%
orchid-protocol;oxt;9;65%;59%;61%;0%;11;10;100;;10;7;32;0;0;52;45;36;53;50;34;2;1%;17%;88%
redfox-labs-2;rfox;10;69%;55%;32%;45%;1;101;110;;1;16;18;0;0;47;27;52;48;42;49;2;14%;11%;-17%
skale;skl;8;52%;34%;80%;12%;0;11;100;;10;7;-57;0;1;74;49;49;38;58;43;4;2%;7%;14%
iotex;iotx;12;52%;82%;100%;12%;11;111;110;;11;2;78;0;0;49;22;45;54;67;47;3;2%;21%;237%
flow;flow;6;59%;35%;47%;0%;0;1;0;;10;0;-48;0;1;74;52;34;36;49;28;2;5%;18%;10%
sperax;spa;10;57%;37%;28%;55%;1;1;101;;11;3;-44;0;3;75;77;60;43;45;51;1;0%;0%;-6%
ethereum-name-service;ens;6;43%;34%;37%;0%;1;0;0;;10;0;-58;0;1;67;49;20;39;44;31;2;4%;4%;-2%
storj;storj;14;220%;94%;100%;68%;111;111;111;vente;1;11;150;0;0;17;21;41;70;70;66;4;0%;74%;37%
clearpool;cpool;9;60%;18%;34%;62%;0;1;110;;1;0;-106;0;2;59;54;76;33;25;51;1;0%;-10%;-10%
coin98;c98;9;29%;58%;47%;29%;10;1;10;;1;1;37;0;1;72;51;49;47;49;42;1;1%;-21%;-16%
findora;fra;6;102%;18%;6%;43%;0;0;1;;10;5;-93;0;1;53;52;87;37;39;41;1;4%;-8%;-7%
drep-new;drep;6;26%;45%;10%;-1%;10;0;0;;10;6;-19;0;1;78;55;16;41;43;21;2;2%;6%;-10%
flamingo-finance;flm;6;216%;51%;26%;-1%;10;0;0;;0;5;6;0;1;18;63;28;49;42;29;2;9%;24%;12%
unmarshal;marsh;7;63%;20%;8%;62%;0;0;1;;1;14;-94;0;2;85;44;84;33;34;49;2;-1%;2%;4%
bancor;bnt;12;84%;103%;103%;55%;101;111;111;;10;14;157;0;0;40;-25;52;67;91;56;3;-48%;166%;287%
nuls;nuls;5;23%;28%;9%;0%;0;0;0;;10;12;-74;0;1;81;55;39;39;41;34;3;15%;3%;20%
cosmos;atom;8;47%;32%;55%;0%;0;1;100;;10;3;-59;0;1;54;76;45;36;47;37;1;4%;-15%;-34%
iota;miota;8;31%;41%;74%;4%;1;111;100;;10;2;-30;0;0;44;49;40;44;55;37;3;5%;-1%;18%
troy;troy;9;26%;34%;51%;24%;0;1;110;;11;5;-60;0;2;91;56;49;43;49;43;4;7%;3%;69%
0x;zrx;11;52%;82%;78%;25%;11;111;0;;10;9;66;0;1;46;-17;63;58;63;41;3;-4%;7%;195%
merit-circle;mc;10;98%;59%;42%;20%;110;1;110;;1;8;43;0;1;47;58;41;54;46;44;3;-2%;0%;12%
tezos;xtz;8;40%;34%;40%;0%;1;10;0;;10;1;-53;0;2;70;68;27;39;48;27;2;3%;7%;7%
elrond-erd-2;egld;8;52%;31%;76%;0%;0;11;100;;10;1;-65;0;2;56;56;27;35;51;30;2;5%;3%;11%
ravencoin;rvn;10;40%;30%;57%;0%;0;11;100;;10;1;-65;0;2;75;65;29;35;49;32;2;8%;8%;4%
celo;celo;5;31%;37%;23%;0%;0;0;0;;0;4;-38;0;1;78;52;49;43;43;36;2;-4%;31%;19%
unlend-finance;uft;6;40%;26%;16%;5%;0;0;100;;1;7;-86;0;1;65;51;38;37;37;34;2;45%;8%;5%
chain-2;xcn;5;70%;30%;32%;0%;0;0;0;;10;0;-65;0;2;93;59;55;20;46;36;2;3%;7%;-2%
moonbeam;glmr;8;63%;57%;33%;1%;11;10;0;;10;2;11;0;0;32;31;29;47;42;17;2;0%;-11%;8%
decentral-games;dg;4;305%;20%;37%;6%;0;0;0;;1;6;-95;0;1;47;90;45;36;29;36;2;1%;8%;19%
zencash;zen;8;48%;55%;28%;10%;1;100;100;;0;3;16;0;1;63;51;33;51;48;41;3;16%;-3%;1%
newscrypto-coin;nwc;8;34%;19%;28%;86%;0;1;11;;1;7;-106;0;1;79;37;53;41;42;56;2;0%;1%;17%
nano;xno;7;22%;58%;11%;0%;1;100;0;;0;4;36;0;1;52;53;58;48;42;33;2;1%;6%;9%
ethernity-chain;ern;8;24%;34%;46%;18%;0;1;100;;1;2;-61;0;1;70;47;52;44;45;40;2;9%;15%;3%
moonriver;movr;6;48%;27%;35%;4%;0;100;0;;10;2;-63;0;1;65;29;35;33;45;33;1;-15%;-22%;-59%
request-network;req;7;39%;39%;58%;15%;1;10;0;;10;0;-44;0;1;73;34;42;40;51;32;3;-1%;8%;57%
humans-ai;heart;8;80%;73%;28%;-1%;11;0;0;;0;18;64;0;1;51;77;23;47;42;32;2;-4%;-11%;43%
hooked-protocol;hook;7;46%;36%;56%;6%;0;10;0;;10;1;-51;0;1;74;51;40;40;48;37;3;7%;16%;31%
filecoin;fil;9;58%;42%;67%;0%;1;110;0;;10;6;-23;0;1;69;47;46;42;56;36;1;4%;-1%;-6%
fio-protocol;fio;7;28%;54%;-1%;2%;11;0;0;;0;3;17;0;1;60;38;14;45;32;23;2;2%;9%;13%
noia-network;noia;6;54%;33%;23%;24%;1;100;0;;11;4;-52;0;1;59;41;53;39;44;42;1;-4%;4%;0%
kyber-network-crystal;knc;8;78%;72%;28%;3%;11;100;100;;0;4;70;0;0;44;40;26;57;50;29;2;2%;47%;55%
suku;suku;9;69%;78%;15%;39%;11;100;0;;10;12;96;0;2;24;62;67;54;43;46;2;-1%;9%;26%
unifi-protocol-dao;unfi;9;358%;57%;54%;41%;110;101;110;;1;10;23;0;0;15;42;21;54;54;47;2;-8%;41%;-11%
uma;uma;9;34%;29%;47%;30%;0;0;100;;11;3;-67;0;3;73;64;61;38;48;47;3;-4%;4%;35%
wilder-world;wild;6;94%;27%;37%;0%;1;110;0;;10;14;-71;0;0;49;40;14;33;47;19;1;-1%;-11%;-17%
swftcoin;swftc;6;36%;21%;12%;33%;0;0;0;;10;4;-88;1;2;75;45;66;41;40;39;2;1%;-1%;-3%
dtravel;trvl;7;49%;22%;4%;17%;0;0;0;;10;7;-78;0;2;69;48;60;39;37;36;3;1%;3%;12%
wink;win;5;18%;36%;15%;0%;0;0;0;;10;1;-48;0;2;79;59;49;39;39;36;1;0%;1%;-1%
bonfida;fida;8;87%;44%;20%;16%;1;0;100;;10;2;-22;0;2;82;76;35;39;45;41;2;9%;4%;-2%
alpaca-finance;alpaca;12;36%;93%;86%;100%;1;111;111;;11;2;146;0;0;43;11;4;56;70;73;2;1%;6%;-47%
fantom;ftm;7;45%;31%;25%;0%;1;1;100;;11;13;-65;0;1;80;51;30;34;41;34;2;4%;11%;16%
sylo;sylo;9;27%;29%;42%;65%;0;1;110;;1;0;-78;0;1;65;32;37;36;46;57;1;-1%;-5%;-31%
qredo;qrdo;2;75%;10%;3%;-1%;0;0;0;;10;0;-132;0;1;59;29;-3;27;28;15;3;2%;15%;24%
veed;veed;6;149%;19%;10%;35%;0;0;0;;1;19;-95;10;3;56;64;87;36;32;44;1;-5%;-1%;-7%
liquity;lqty;14;87%;100%;105%;101%;11;111;111;;11;19;152;0;0;42;32;-11;62;69;85;3;2%;82%;42%
tokocrypto;tko;9;25%;24%;46%;2%;0;1;100;;11;11;-88;0;3;73;62;67;37;47;41;3;11%;13%;22%
ethereum-pow-iou;ethw;4;58%;28%;20%;9%;0;0;0;;11;0;-66;0;2;87;45;59;30;41;38;3;5%;8%;25%
bifrost;bfc;5;31%;22%;21%;48%;0;0;10;;11;3;-85;0;1;26;56;51;34;44;47;1;0%;-13%;-12%
paris-saint-germain-fan-token;psg;3;44%;24%;0%;0%;0;0;0;;11;0;-81;0;2;58;39;56;30;38;36;3;-14%;3%;24%
exeedme;xed;4;63%;11%;26%;0%;0;0;0;;10;11;-135;0;1;55;76;30;28;42;27;2;0%;4%;6%
gensokishis-metaverse;mv;8;40%;13%;39%;86%;0;1;11;;11;0;-121;0;1;72;50;47;29;43;56;3;1%;9%;29%
stader;sd;10;57%;30%;60%;6%;1;110;0;;10;15;-57;0;2;54;95;63;39;63;41;2;2%;6%;-6%
yield-app;yld;7;58%;23%;8%;100%;0;100;11;;11;14;-74;0;1;32;34;58;32;37;55;3;4%;-9%;135%
zoid-pay;zpay;5;150%;29%;35%;0%;0;0;100;;10;2;-77;0;1;101;46;19;28;45;31;2;7%;18%;33%
chainx;pcx;10;57%;45%;25%;72%;0;100;11;;11;1;-5;0;2;93;45;83;33;45;52;2;0%;1%;-1%
milk-alliance;mlk;9;52%;42%;51%;30%;1;110;0;;10;5;-39;1;2;66;12;85;43;50;40;2;-1%;-4%;56%
joe;joe;8;58%;47%;46%;0%;1;101;100;;11;18;-14;0;1;57;31;18;43;53;32;2;5%;-4%;-19%
adventure-gold;agld;10;58%;49%;49%;32%;110;1;110;;1;16;-7;10;1;52;60;50;50;49;45;2;6%;9%;-3%
numeraire;nmr;8;81%;54%;48%;12%;1;10;100;;10;11;3;0;0;27;19;39;50;49;35;3;-16%;7%;195%
radiant-capital;rdnt;5;63%;40%;0%;5%;1;0;0;;0;33;-26;0;1;58;39;15;44;36;31;3;9%;26%;18%
lisk;lsk;7;38%;49%;37%;21%;1;100;0;;10;5;5;1;2;64;28;59;48;46;40;1;3%;-1%;-61%
dopex;dpx;7;54%;37%;30%;50%;0;0;10;;10;5;-47;0;1;71;36;42;34;43;41;2;-9%;6%;6%
render-token;rndr;8;48%;91%;32%;0%;11;110;0;;10;24;135;1;1;52;59;22;57;50;26;3;-1%;12%;-5%
hashflow;hft;10;27%;37%;100%;33%;1;1;110;;11;0;-56;0;1;59;53;55;43;58;46;3;10%;16%;13%
lido-dao;ldo;11;40%;42%;100%;19%;1;11;110;;10;14;-35;0;1;77;44;48;45;67;44;3;9%;19%;14%
gods-unchained;gods;5;31%;16%;32%;0%;0;0;0;;1;1;-138;0;1;70;49;48;43;43;35;2;8%;4%;4%
clover-finance;clv;5;43%;31%;26%;10%;0;0;0;;11;3;-67;0;1;88;55;48;38;42;43;0;1%;-3%;10%
stafi;fis;5;44%;58%;-1%;2%;10;0;0;;0;13;26;10;0;48;28;8;47;24;14;3;3%;15%;11%
dogechain;dc;7;109%;28%;32%;48%;0;0;1;;11;5;-83;0;3;80;61;56;38;42;48;1;8%;-6%;-19%
concentrated-voting-power;cvp;11;31%;61%;101%;81%;10;11;110;;11;7;29;0;0;40;50;32;48;62;64;3;0%;15%;32%
ethos;vgx;5;92%;30%;18%;9%;0;0;0;;1;2;-67;0;1;76;50;18;40;40;33;3;4%;14%;15%
energy-web-token;ewt;4;60%;14%;33%;8%;0;100;0;;10;3;-115;0;1;41;56;43;33;48;36;2;2%;1%;1%
superfarm;super;6;38%;27%;12%;0%;0;0;100;;10;10;-75;0;1;89;51;27;36;39;27;1;8%;-8%;-3%
gamium;gmm;6;92%;34%;19%;4%;0;100;0;;10;5;-49;0;1;64;41;3;39;42;30;3;0%;23%;10%
kadena;kda;5;31%;19%;17%;0%;0;0;0;;1;0;-102;0;1;65;47;32;36;34;33;1;8%;-28%;-28%
rei-network;rei;11;62%;50%;64%;106%;1;111;111;;11;9;2;0;0;31;54;-38;50;53;93;4;9%;560%;79%
auction;auction;8;70%;59%;38%;41%;110;0;0;;0;4;35;0;1;51;37;62;53;47;46;1;-1%;-20%;-48%
barnbridge;bond;4;82%;15%;23%;0%;0;0;0;;0;2;-103;0;1;53;59;7;31;37;22;2;4%;7%;-12%
velo;velo;6;44%;49%;32%;-1%;10;0;0;;10;6;-10;0;1;44;67;36;45;47;26;0;-30%;-1%;-23%
concierge-io;ava;4;61%;26%;13%;10%;0;0;0;;10;3;-71;0;1;32;96;44;40;42;36;2;1%;-11%;0%
komodo;kmd;5;28%;47%;46%;0%;0;1;0;;10;13;-25;0;1;36;60;23;45;48;27;2;-2%;4%;-7%
swipe;sxp;7;53%;50%;30%;0%;1;100;0;;10;14;-2;0;1;64;53;55;43;46;35;2;3%;4%;-22%
iostoken;iost;9;45%;36%;66%;0%;0;11;100;;10;3;-46;0;1;70;55;42;41;52;34;2;7%;15%;9%
certik;ctk;8;56%;30%;99%;36%;0;11;100;;10;0;-66;0;1;52;37;58;39;67;50;2;77%;-7%;-21%
stepn;gmt;8;70%;31%;45%;0%;0;10;100;;10;0;-61;0;2;77;62;33;33;47;32;3;6%;8%;12%
seedify-fund;sfund;7;47%;43%;13%;0%;1;0;0;;11;3;-23;0;2;64;61;50;39;41;38;0;5%;6%;-7%
adex;adx;8;22%;68%;27%;5%;11;100;0;;0;10;65;0;1;62;37;39;50;43;29;2;3%;-4%;-22%
ethereum-push-notification-service;push;14;50%;28%;89%;81%;0;11;111;;11;4;-77;0;3;73;69;62;37;54;58;1;0%;0%;1%
lto-network;lto;7;28%;33%;28%;23%;0;0;101;;10;9;-59;0;1;60;53;49;38;40;42;3;3%;3%;0%
centrifuge;cfg;11;77%;94%;54%;31%;111;110;1;;10;11;139;0;0;40;29;14;63;52;21;1;1%;-9%;-25%
vectorspace;vxv;6;132%;29%;46%;0%;1;10;0;;10;13;-70;0;1;59;35;9;36;48;22;1;0%;-50%;-63%
near;near;4;43%;28%;5%;0%;0;0;0;;10;0;-74;0;1;74;50;24;37;41;29;2;7%;8%;8%
bella-protocol;bel;4;32%;35%;17%;0%;0;0;0;;1;9;-45;0;2;56;56;45;45;38;36;3;17%;-2%;14%
mina-protocol;mina;6;38%;34%;11%;2%;0;100;0;;10;10;-47;0;2;77;60;42;38;43;34;2;6%;0%;0%
magic;magic;8;115%;46%;17%;-1%;1;100;0;;10;16;-11;0;2;60;61;7;43;47;18;2;8%;14%;-6%
neo;neo;8;38%;33%;47%;0%;0;1;100;;10;17;-54;0;2;82;65;48;40;47;37;2;4%;8%;7%
ecox;ecox;6;48%;22%;61%;39%;0;101;100;;11;0;-93;0;2;58;21;112;23;54;63;2;0%;-4%;117%
dodo;dodo;10;35%;63%;78%;51%;1;1;110;;11;7;45;0;1;67;52;32;50;57;50;3;4%;24%;34%
litentry;lit;6;40%;76%;16%;0%;11;0;0;;0;9;91;0;0;49;46;27;52;43;26;1;5%;-34%;-34%
ac-milan-fan-token;acm;6;57%;34%;25%;27%;1;100;0;;10;3;-45;1;1;69;26;50;41;45;39;1;-43%;-36%;-62%
camelot-token;grail;5;112%;45%;15%;8%;1;0;0;;0;15;-6;0;1;56;42;38;43;37;28;2;12%;-10%;-13%
ergo;erg;4;49%;16%;0%;98%;0;0;1;;11;1;-103;0;0;50;49;45;32;34;62;2;0%;21%;-9%
klever;klv;5;150%;75%;5%;15%;10;0;0;;0;20;78;10;0;19;27;19;57;23;26;2;5%;15%;8%
singularitynet;agix;5;38%;31%;21%;0%;0;0;0;;10;20;-61;0;1;90;53;20;40;42;31;2;8%;7%;12%
the-graph;grt;4;50%;30%;0%;0%;0;0;0;;10;13;-67;0;1;69;50;24;37;35;21;2;8%;7%;23%
kryll;krl;8;21%;17%;19%;66%;0;100;1;;11;0;-91;0;1;36;21;86;36;37;48;2;1%;-18%;-14%
sweatcoin;sweat;12;98%;101%;58%;37%;111;111;101;;0;7;176;0;1;26;56;45;73;56;50;1;2%;-6%;-15%
ampleforth-governance-token;forth;7;32%;43%;0%;0%;10;0;0;;0;4;-15;0;1;67;49;27;49;37;33;2;3%;12%;7%
dia-data;dia;6;27%;49%;7%;11%;10;0;0;;1;3;-3;0;2;58;48;58;46;36;39;3;1%;6%;11%
vite;vite;5;30%;29%;0%;6%;0;0;0;;10;2;-65;0;1;66;47;44;38;36;34;3;12%;5%;8%
frax-share;fxs;6;33%;29%;42%;0%;0;10;0;;10;13;-65;0;2;60;74;23;44;44;27;2;7%;10%;-10%
rocket-pool;rpl;7;63%;17%;24%;3%;0;0;100;;11;19;-109;10;1;66;54;19;27;40;32;2;0%;15%;-6%
iris-network;iris;7;28%;38%;20%;13%;0;1;0;;1;17;-34;0;1;85;44;47;42;41;39;2;-3%;-12%;-11%
league-of-kingdoms;loka;5;47%;29%;20%;17%;0;0;0;;11;4;-62;0;1;82;50;28;36;40;39;2;4%;6%;-8%
phantasma;soul;5;104%;30%;0%;0%;0;0;0;;10;4;-61;0;1;52;62;22;35;37;25;1;-1%;-4%;-2%
creditcoin-2;ctc;5;87%;26%;6%;9%;0;100;0;;10;1;-79;0;2;56;64;53;33;45;41;2;-1%;-4%;4%
the-virtua-kolect;tvk;8;58%;41%;11%;27%;1;0;100;;10;9;-28;0;2;72;76;25;38;44;43;1;8%;-1%;-5%
alien-worlds;tlm;6;37%;35%;29%;4%;0;0;0;;10;7;-62;0;2;72;66;46;42;45;36;3;4%;4%;8%
astar;astr;5;46%;13%;38%;0%;100;0;100;;0;17;-121;0;0;39;47;27;42;45;33;1;-3%;-33%;-34%
convex-finance;cvx;7;45%;45%;24%;0%;10;0;0;;0;5;-19;0;1;48;62;22;42;41;26;3;4%;2%;28%
acala;aca;6;75%;42%;6%;26%;0;0;0;;1;0;-20;0;1;63;49;54;44;35;37;3;4%;13%;25%
coti;coti;10;37%;78%;95%;31%;1;11;100;;10;1;34;0;1;70;-6;26;50;67;49;4;3%;99%;591%
apecoin;ape;4;155%;23%;27%;14%;0;0;0;;11;3;-86;0;1;53;71;37;26;40;36;2;24%;3%;-4%
pax-gold;paxg;9;6%;21%;84%;35%;0;111;101;;10;35;-113;10;1;42;32;57;42;70;50;3;0%;24%;70%
internet-computer;icp;8;70%;32%;61%;0%;1;11;0;;10;7;-60;0;2;56;75;28;37;50;31;3;12%;-2%;0%
decred;dcr;10;22%;32%;38%;66%;0;1;111;;11;0;-55;0;1;75;46;32;41;46;58;1;-1%;-13%;22%
chronobank;time;3;32%;30%;20%;16%;0;0;0;;11;0;-70;0;2;59;60;54;34;41;39;4;0%;4%;18%
burger-swap;burger;8;45%;40%;42%;9%;0;1;100;;11;0;-34;0;2;77;62;38;41;47;37;3;3%;-1%;22%
verse-bitcoin;verse;4;29%;36%;4%;0%;0;0;0;;10;0;-49;0;2;86;57;41;25;40;36;2;67%;-24%;16%
constellation-labs;dag;5;93%;36%;13%;1%;1;100;0;;10;0;-40;1;0;44;36;38;44;40;35;2;3%;-23%;-15%
kardiachain;kai;7;58%;100%;31%;16%;11;100;0;;0;5;183;1;0;23;46;52;65;49;43;1;0%;-4%;-9%
aergo;aergo;11;35%;73%;69%;9%;11;110;10;;10;4;59;0;2;51;57;59;55;56;40;3;4%;-8%;9%
atletico-madrid;atm;5;37%;23%;8%;5%;0;100;0;;10;2;-93;0;1;61;38;47;39;41;36;2;38%;-30%;-18%
ankr;ankr;11;59%;47%;69%;0%;1;111;100;;10;5;-15;0;2;67;60;40;44;58;35;3;47%;-5%;-28%
gas;gas;11;33%;49%;63%;54%;1;110;110;;10;10;-9;0;0;49;40;-1;47;56;50;4;1%;172%;44%
metahero;hero;11;24%;39%;19%;33%;1;110;1;;10;7;-37;0;2;73;67;31;41;47;46;2;1%;-8%;-4%
oasis-network;rose;10;34%;40%;64%;0%;0;11;100;;10;6;-34;0;2;67;62;31;42;51;36;3;8%;13%;30%
perpetual-protocol;perp;9;122%;55%;60%;25%;10;1;110;;1;11;14;0;0;10;36;26;50;51;40;3;7%;53%;33%
injective-protocol;inj;10;24%;71%;44%;0%;11;110;0;;10;31;68;0;2;64;71;33;55;51;27;1;6%;-2%;-14%
decentraland;mana;8;53%;35%;46%;0%;0;1;100;;10;5;-48;0;2;67;62;37;37;47;34;3;8%;13%;24%
force-protocol;for;12;17%;57%;94%;100%;1;11;111;;11;10;6;0;1;70;29;28;48;58;74;4;7%;24%;22%
gala;gala;6;143%;27%;25%;-1%;1;1;100;;10;8;-68;0;1;47;57;16;30;42;25;1;-17%;14%;-3%
optimism;op;6;46%;22%;30%;0%;0;1;100;;1;19;-85;0;1;62;51;35;43;42;37;3;5%;-3%;4%
bepro-network;bepro;10;133%;53%;59%;38%;1;110;1;;10;11;10;1;2;64;36;70;46;61;45;3;-1%;7%;5%
radicle;rad;8;38%;35%;75%;17%;0;11;100;;10;4;-43;0;1;93;45;38;40;56;42;2;-1%;-26%;-53%
boson-protocol;boson;7;76%;77%;20%;18%;11;0;0;;0;0;82;0;1;41;60;54;53;46;44;2;2%;-1%;4%
mask-network;mask;8;70%;44%;56%;0%;1;10;0;;10;17;-24;1;1;81;34;33;44;51;17;2;-6%;-19%;-19%
ontology;ont;8;35%;49%;38%;12%;1;10;0;;10;6;-8;0;1;70;33;50;47;47;36;4;2%;12%;81%
babb;bax;5;157%;25%;16%;2%;1;100;0;;10;27;-75;0;0;48;50;19;34;45;32;2;1%;10%;3%
harvest-finance;farm;10;28%;56%;45%;43%;1;110;1;;10;2;22;0;2;67;21;72;47;48;46;1;2%;-21%;-65%
sonm;snm;9;299%;34%;42%;36%;0;110;100;;10;9;-50;0;3;88;63;62;18;51;48;2;11%;2%;-11%
titanswap;titan;6;121%;27%;22%;71%;0;100;10;;11;0;-72;0;2;63;57;52;27;48;51;3;-4%;1%;4%
my-neighbor-alice;alice;9;56%;23%;66%;17%;0;1;110;;11;7;-91;0;1;77;50;47;34;52;45;3;10%;7%;55%
zilliqa;zil;9;47%;40%;38%;0%;0;10;100;;10;4;-35;0;2;65;71;29;41;47;29;2;5%;-4%;-4%
arweave;ar;8;57%;27%;34%;36%;0;0;101;;10;2;-78;0;2;82;59;27;34;45;44;3;5%;29%;19%
lazio-fan-token;lazio;3;51%;24%;-1%;0%;0;0;0;;10;0;-83;0;1;57;52;19;36;38;13;2;1%;3%;-8%
bakerytoken;bake;9;107%;105%;52%;3%;11;110;0;;10;7;226;1;0;43;22;27;63;55;34;4;0%;11%;75%
dforce-token;df;5;29%;43%;15%;0%;0;0;0;;0;11;-17;0;1;76;51;40;41;38;26;0;4%;-8%;-17%
kava-lend;hard;8;35%;51%;17%;22%;1;0;0;;10;1;8;0;2;62;45;60;45;40;31;2;3%;2%;-10%
telos;tlos;7;172%;32%;72%;18%;1;10;100;;10;6;-68;0;0;50;33;38;35;53;41;3;1%;5%;13%
juventus-fan-token;juv;6;34%;27%;17%;23%;0;100;0;;10;3;-61;0;2;62;55;57;41;42;42;0;-18%;-1%;-35%
netvrk;ntvrk;8;96%;32%;38%;0%;0;101;100;;11;1;-59;0;2;58;70;36;38;48;35;0;-15%;-32%;-50%
huobi-token;ht;6;21%;27%;32%;0%;0;0;0;;10;0;-76;0;2;74;61;22;31;39;17;3;1%;18%;23%
aavegotchi;ghst;10;37%;34%;72%;11%;0;11;100;;10;7;-57;0;2;68;52;65;41;51;42;2;3%;0%;-3%
venus;xvs;7;61%;87%;7%;10%;11;100;0;;0;13;127;1;0;33;42;29;60;42;30;1;-2%;-7%;28%
gmx;gmx;5;112%;44%;19%;0%;1;0;0;;10;19;-20;0;1;57;33;29;42;41;30;1;12%;-12%;-14%
dimitra;dmtr;8;176%;32%;46%;47%;0;10;10;;10;23;-57;0;1;71;52;42;37;48;42;2;2%;30%;4%
contentos;cos;7;30%;31%;7%;49%;0;0;1;;11;9;-58;0;3;67;59;57;40;42;47;2;1%;21%;12%
dock;dock;8;31%;59%;46%;0%;10;1;100;;1;7;28;0;1;52;56;38;48;44;39;3;1%;1%;1%
iexec-rlc;rlc;8;42%;34%;43%;0%;1;1;100;;10;15;-55;0;2;69;57;26;41;48;25;1;13%;-2%;10%
marlin;pond;10;12%;42%;35%;0%;10;0;0;;1;5;-25;0;3;73;66;61;47;45;39;1;5%;-5%;-8%
karura;kar;11;24%;73%;63%;46%;11;1;110;;11;0;81;0;2;66;52;68;44;54;51;1;0%;-1%;-8%
solve-care;solve;9;130%;60%;15%;102%;10;100;11;;1;5;40;0;0;17;52;19;52;41;73;3;2056%;-16%;9%
anchor-protocol;anc;13;80%;38%;101%;84%;1;11;111;;11;0;-35;0;2;61;58;9;44;61;70;2;0%;15%;-2%
steem;steem;9;31%;69%;49%;17%;11;110;0;;10;5;61;0;2;57;61;54;53;52;43;2;9%;0%;-12%
vethor-token;vtho;5;61%;67%;2%;7%;10;0;0;;0;8;63;0;1;22;56;42;52;42;35;3;5%;-1%;8%
fc-barcelona-fan-token;bar;4;39%;15%;2%;0%;0;0;0;;10;0;-105;0;0;43;42;51;29;40;33;2;-2%;5%;-9%
vidt-dao;vidt;9;34%;44%;31%;101%;0;0;111;;11;12;-25;0;1;73;43;6;39;45;78;2;23%;69%;-3%
mxc;mxc;7;53%;30%;18%;26%;10;0;0;;11;0;-69;0;2;41;61;75;35;42;45;3;-32%;-12%;79%
pirate-chain;arrr;9;54%;25%;51%;73%;0;101;111;;11;4;-82;0;2;54;57;58;40;54;56;1;1%;0%;-3%
ceek;ceek;3;58%;21%;17%;20%;0;0;0;;11;1;-87;0;2;57;54;80;19;39;44;2;1%;0%;13%
coinweb;cweb;7;49%;3%;38%;26%;0;0;10;;1;19;-154;10;1;47;65;50;27;29;39;2;15%;-1%;6%
cocos-bcx;cocos;6;50%;55%;15%;8%;10;0;0;;1;10;17;0;1;67;50;38;43;39;35;1;6%;-11%;-9%
stacktical;dsla;13;152%;36%;83%;53%;1;111;110;;11;20;-50;0;1;73;50;45;38;58;52;2;4%;10%;-9%
synapse-2;syn;5;233%;23%;21%;39%;0;0;10;;11;6;-83;0;0;53;41;31;29;38;42;2;4%;19%;15%
xcad-network;xcad;4;176%;17%;0%;7%;100;0;0;;0;11;-100;10;0;28;52;32;36;22;22;1;3%;-7%;-13%
linear;lina;5;70%;26%;46%;0%;0;0;0;;0;12;-78;0;2;88;60;40;43;41;31;2;12%;-9%;-4%
jasmycoin;jasmy;10;27%;22%;76%;0%;0;11;100;;10;8;-99;0;2;75;72;37;40;51;38;3;3%;0%;7%
viberate;vib;9;35%;57%;59%;5%;10;11;100;;10;6;28;0;2;60;63;22;46;52;37;1;1%;-3%;-13%
aurora-dao;idex;11;31%;52%;87%;0%;11;11;100;;10;12;-4;0;1;72;35;53;46;59;41;4;2%;2%;45%
syscoin;sys;7;48%;32%;43%;0%;0;10;0;;10;10;-62;0;1;64;26;32;36;46;29;2;-22%;0%;22%
openanx;oax;9;113%;59%;30%;8%;10;10;10;;0;5;28;10;0;40;32;41;48;44;35;4;0%;9%;58%
numbers-protocol;num;8;71%;45%;94%;36%;1;11;100;;10;1;-44;0;1;58;8;45;44;75;54;3;1%;23%;70%
alpha-finance;alpha;6;68%;26%;34%;0%;0;1;0;;11;9;-79;0;1;78;51;43;33;43;36;1;2%;-13%;-28%
fx-coin;fx;9;38%;28%;27%;79%;1;100;11;;11;1;-69;0;2;59;63;55;38;47;53;3;4%;3%;2%
woo-network;woo;9;32%;57%;27%;35%;1;100;10;;10;18;23;0;2;75;49;58;48;47;43;3;9%;4%;13%
proton;xpr;9;65%;32%;76%;27%;1;11;110;;11;1;-52;0;1;43;56;40;32;56;41;1;3%;3%;-13%
concordium;ccd;7;97%;17%;27%;28%;0;0;0;;1;2;-100;10;2;25;76;73;25;25;46;3;0%;1%;2%
pivx;pivx;11;52%;57%;80%;39%;1;11;110;;10;10;28;0;2;59;54;56;47;55;46;1;3%;-11%;1%
velas;vlx;8;142%;31%;48%;41%;0;1;110;;11;0;-69;0;0;41;32;55;35;45;51;1;0%;7%;2%
beefy-finance;bifi;10;35%;78%;43%;5%;11;10;0;;0;17;87;0;2;47;68;64;55;48;40;1;3%;-3%;-11%
cortex;ctxc;8;38%;41%;36%;3%;1;10;0;;10;22;-31;1;2;82;57;33;41;46;25;1;1%;-4%;-2%
benqi;qi;7;34%;43%;21%;0%;1;100;0;;10;10;-23;0;1;81;43;36;41;45;29;3;4%;-3%;0%
republic-protocol;ren;10;57%;32%;80%;50%;0;11;10;;10;2;-54;0;1;79;40;49;37;60;48;2;20%;-3%;26%
floki;floki;10;76%;42%;28%;36%;1;1;110;;11;15;-23;0;1;74;52;53;42;47;44;3;2%;5%;8%
holotoken;hot;6;45%;29%;35%;0%;0;10;0;;10;7;-73;0;1;75;35;30;29;46;27;4;3%;6%;91%
theta-token;theta;5;46%;34%;0%;13%;0;0;0;;0;6;-54;0;1;74;39;42;40;31;26;3;-10%;48%;41%
loopring;lrc;9;45%;30%;100%;24%;0;11;110;;11;10;-66;0;1;84;49;39;36;56;44;3;3%;14%;39%
pha;pha;7;43%;57%;2%;0%;10;0;0;;1;5;28;0;1;52;74;54;47;39;35;2;2%;-1%;-2%
power-ledger;powr;11;31%;71%;76%;22%;11;111;100;;10;5;67;0;0;55;29;34;54;58;42;3;3%;210%;313%
gamefi;gafi;11;124%;24%;48%;73%;0;10;11;;10;3;-78;0;3;70;59;65;28;47;50;2;0%;10%;-2%
gains-network;gns;5;97%;35%;24%;0%;1;0;0;;10;21;-46;0;1;60;53;35;40;45;30;3;2%;0%;104%
waves;waves;5;54%;35%;13%;0%;0;0;0;;10;0;-48;0;2;91;62;12;42;42;24;3;6%;6%;29%
radix;xrd;11;33%;5%;43%;69%;10;1;111;;1;7;-173;10;1;51;84;32;40;40;55;2;6%;5%;-3%
green-satoshi-token;gst-sol;6;75%;22%;0%;54%;0;0;1;;11;0;-94;0;2;59;55;63;24;36;49;1;-1%;-10%;-4%
orion-protocol;orn;4;49%;27%;23%;0%;0;0;0;;10;2;-73;0;1;79;51;32;33;42;25;2;0%;7%;-6%
hydra;hydra;10;138%;58%;88%;46%;1;111;110;;10;1;16;0;1;54;17;59;39;80;56;1;-1%;-2%;1%
lattice-token;ltx;9;170%;41%;44%;52%;0;1;110;;11;0;-30;0;1;52;71;44;40;48;49;1;1%;2%;7%
route;route;10;64%;43%;78%;44%;1;110;101;;10;7;-44;0;1;64;13;26;45;61;51;3;2%;-4%;9%
biswap;bsw;5;70%;33%;20%;4%;0;0;0;;11;0;-57;0;2;72;58;38;29;41;39;3;2%;3%;7%
mantra-dao;om;7;39%;33%;12%;18%;0;0;0;;10;5;-60;0;2;73;60;25;39;41;37;2;5%;14%;5%
superrare;rare;9;41%;30%;86%;66%;0;1;110;;11;7;-65;0;2;82;56;22;33;57;54;2;8%;22%;10%
ooki;ooki;5;149%;25%;13%;0%;0;0;10;;11;5;-75;0;0;43;44;47;28;37;34;3;3%;6%;35%
band-protocol;band;10;31%;49%;71%;35%;0;1;110;;1;7;-5;0;2;61;55;69;45;51;48;3;2%;7%;21%
osmosis;osmo;3;103%;15%;-1%;0%;0;0;0;achat;11;0;-104;0;0;29;17;31;19;17;20;3;6%;8%;20%
polymesh;polyx;10;41%;75%;73%;22%;11;110;100;;10;1;70;0;1;56;39;43;54;60;43;4;3%;53%;41%
aurora-near;aurora;7;77%;21%;76%;79%;0;1;111;;11;0;-92;0;0;48;50;24;20;53;68;1;0%;0%;-1%
chiliz;chz;9;59%;36%;44%;0%;1;1;0;;10;0;-48;0;2;65;60;26;34;46;27;2;-11%;17%;9%
dego-finance;dego;7;31%;33%;27%;27%;0;0;100;;10;8;-58;0;2;80;58;22;40;44;41;2;-42%;5%;17%
ovr;ovr;8;48%;18%;48%;0%;0;10;100;;11;4;-109;0;2;74;55;67;31;43;40;2;-1%;2%;6%
qtum;qtum;7;40%;45%;13%;0%;1;0;0;;10;6;-14;0;2;66;70;24;46;44;23;1;14%;-11%;-21%
beldex;bdx;5;34%;22%;32%;0%;0;100;0;;10;14;-88;0;1;55;89;39;35;51;31;3;0%;8%;10%
dero;dero;6;104%;26%;0%;22%;0;100;1;;10;17;-77;0;1;65;29;43;29;38;39;4;1%;9%;19%
loki-network;oxen;8;75%;44%;28%;20%;1;100;0;;10;0;-11;0;2;51;67;67;42;46;44;2;0%;-17%;-7%
calamari-network;kma;5;134%;24%;0%;22%;0;0;0;;10;3;-78;0;2;60;41;63;33;32;26;1;-1%;-12%;-13%
airswap;ast;7;48%;41%;25%;0%;0;0;100;;10;3;-30;0;2;74;60;32;42;44;27;2;1%;-6%;-4%
constitutiondao;people;9;72%;34%;84%;1%;0;11;100;;11;3;-51;0;2;75;58;39;37;53;39;4;1%;7%;5%
celer-network;celr;10;43%;52%;71%;0%;1;11;0;;10;14;5;0;2;79;82;43;43;55;35;3;15%;6%;19%
everscale;ever;2;58%;-11%;4%;-1%;0;0;0;;1;14;-249;10;0;35;-3;5;22;20;15;2;0%;18%;36%
dfyn-network;dfyn;5;143%;29%;47%;2%;0;0;0;;10;9;-66;0;1;50;57;47;29;45;40;0;0%;-2%;-1%
kucoin-shares;kcs;5;64%;40%;0%;1%;0;0;0;;10;5;-34;0;1;45;69;52;35;37;30;2;3%;14%;-11%
multichain;multi;8;350%;72%;53%;12%;10;110;0;;10;19;72;10;1;35;55;58;48;51;42;1;107%;-19%;-8%