tokens;tickers;Total tests;Ecart BB 4d;Position % BB 4d;Position % BB 4h;Position % BB 30m;Tests MM 4d;Tests MM 4h;Tests MM 30m;"Combo RSI";"Tests RSI";Surventes RSI 4d;Surachats RSI 4d;Tests CCI;Test CHOP;chop 4d;chop 4h;chop 30m;Charged chop 4d;Charged chop 4h;Charged chop 30m;notation vol;var vol 1 jour;var vol 7 jours;var vol 14 jours
vulcan-forged;pyr;14;26%;107%;101%;101%;11;111;111;;10;3;373;0;0;46;6;37;64;75;68;4;1%;50%;768%
amber;amb;14;51%;74%;77%;87%;1;111;111;;11;11;72;0;2;57;70;54;49;56;61;1;-5%;2%;-25%
euler;eul;13;57%;58%;26%;101%;11;101;111;;1;4;31;0;1;75;24;38;50;41;71;2;-16%;-7%;1%
bluzelle;blz;13;655%;96%;104%;54%;111;111;110;;0;14;140;0;0;7;6;28;75;79;54;4;4%;28%;46%
trias-token;trias;13;62%;49%;76%;98%;101;111;111;;10;34;-10;0;1;50;66;54;54;57;62;2;1%;16%;3%
voxies;voxel;12;25%;45%;84%;58%;0;111;110;;11;4;-30;0;1;61;33;32;42;61;56;2;0%;-10%;-39%
gitcoin;gtc;12;49%;26%;83%;58%;0;111;111;;10;2;-83;0;1;62;-11;22;41;61;58;4;5%;1296%;456%
unmarshal;marsh;12;79%;22%;91%;89%;1;111;111;;10;15;-93;0;2;57;42;71;38;64;57;2;0%;-2%;5%
bancor;bnt;12;77%;55%;66%;44%;10;111;110;;10;13;24;0;0;24;33;43;50;54;49;2;-12%;-39%;16%
unifi-protocol-dao;unfi;12;639%;124%;81%;24%;11;111;100;;0;7;294;0;1;-7;34;64;87;61;49;3;-5%;30%;64%
dodo;dodo;12;35%;42%;54%;81%;10;1;111;;11;8;-39;0;2;45;63;61;44;48;59;3;1%;3%;13%
jasmycoin;jasmy;12;36%;27%;97%;69%;1;111;111;;11;7;-82;0;1;63;46;34;41;59;62;2;-5%;14%;4%
cudos;cudos;11;108%;83%;73%;0%;111;11;100;;1;9;92;0;1;29;59;39;65;54;41;1;-1%;20%;5%
cere-network;cere;11;18%;48%;79%;43%;1;11;110;;11;10;-8;0;2;71;56;47;41;50;52;2;1%;1%;2%
livepeer;lpt;11;195%;82%;98%;64%;10;11;111;;1;7;94;0;0;25;21;49;59;65;65;3;2%;118%;31%
the-open-network;ton;11;73%;105%;60%;37%;11;111;100;;10;8;259;1;1;23;65;23;63;62;50;2;8%;-5%;-9%
lossless;lss;11;28%;18%;102%;100%;0;11;111;;11;12;-102;0;1;60;20;18;37;72;76;3;10%;13%;0%
blockport;bux;11;50%;18%;59%;82%;0;1;111;;1;1;-115;0;1;63;43;16;37;45;60;0;0%;-42%;-23%
aragon;ant;11;15%;70%;64%;17%;111;110;100;;0;35;71;10;1;77;42;36;58;52;43;1;-1%;-5%;-13%
elastos;ela;11;41%;102%;82%;36%;111;110;0;;10;11;192;0;0;38;-17;51;65;72;39;4;2%;0%;52%
origintrail;trac;11;27%;43%;79%;41%;1;111;110;;11;16;-28;0;1;60;41;36;46;64;46;2;-11%;28%;9%
quick;quick;11;312%;36%;58%;50%;1;101;110;;11;9;-73;0;1;16;74;43;46;52;51;0;0%;-83%;-61%
ethereum;eth;11;26%;9%;74%;81%;0;11;111;;11;14;-134;10;1;43;77;42;39;45;57;2;-1%;6%;26%
bitcoin;btc;11;27%;10%;80%;58%;100;11;110;;11;34;-129;10;1;40;74;44;40;45;52;1;-42%;14%;19%
presearch;pre;11;39%;23%;88%;100%;0;11;111;;11;12;-102;10;2;56;36;67;39;62;67;2;0%;-5%;10%
safepal;sfp;11;49%;103%;49%;42%;111;110;1;;10;9;219;0;0;32;38;27;67;52;46;1;0%;-2%;-21%
arpa;arpa;11;55%;19%;60%;65%;100;111;111;;11;14;-104;0;1;60;24;46;44;53;57;1;-9%;-45%;-87%
paribus;pbx;11;475%;37%;86%;100%;0;111;111;;11;11;-44;0;1;39;56;40;45;62;68;2;7%;2%;10%
frontier-token;front;11;15%;101%;65%;49%;11;110;101;;10;7;119;0;0;36;36;36;53;55;53;3;0%;41%;77%
stellar;xlm;11;90%;42%;101%;95%;100;11;111;;11;17;-26;10;0;38;13;28;51;73;75;3;2%;23%;64%
ultra;uos;11;38%;-1%;47%;86%;0;1;111;;1;4;-191;0;2;55;66;64;33;38;57;2;1%;3%;-4%
fsn;fsn;11;43%;29%;89%;23%;1;111;110;;10;24;-72;0;2;47;70;58;41;62;48;0;-8%;1%;-1%
avalaunch;xava;11;70%;18%;72%;72%;0;11;11;;11;11;-104;0;2;53;64;60;32;50;53;2;0%;-5%;14%
polkadot;dot;11;35%;5%;75%;77%;0;11;111;;11;3;-148;0;1;41;63;41;33;45;58;2;1%;8%;0%
coin98;c98;11;33%;25%;67%;65%;0;111;110;;11;1;-84;0;1;61;46;51;41;53;55;4;2%;6%;21%
exeedme;xed;11;42%;23%;91%;69%;1;11;110;;10;11;-95;0;1;60;28;51;37;66;58;2;0%;-8%;0%
lido-dao;ldo;11;55%;10%;84%;75%;0;11;111;;11;14;-141;0;1;44;80;53;38;49;57;0;-3%;-5%;-7%
gods-unchained;gods;11;41%;50%;53%;59%;10;1;111;;1;1;-5;0;1;67;46;47;48;50;59;3;1%;8%;6%
superfarm;super;11;64%;15%;86%;79%;0;111;111;;11;10;-105;0;0;52;32;41;34;63;66;2;0%;-5%;-50%
concierge-io;ava;11;45%;19%;44%;74%;10;1;111;;1;3;-109;10;1;41;85;53;39;39;59;2;1%;8%;-3%
klever;klv;11;48%;33%;82%;59%;1;111;110;;11;12;-52;0;1;59;48;47;36;59;57;3;-2%;0%;10%
league-of-kingdoms;loka;11;42%;12%;61%;41%;0;111;101;;10;5;-118;0;1;60;43;35;33;52;50;2;3%;-4%;-38%
pax-gold;paxg;11;4%;53%;83%;11%;1;111;100;;10;35;7;0;2;45;71;62;49;56;45;2;0%;2%;3%
injective-protocol;inj;11;40%;11%;63%;62%;100;11;111;;1;35;-139;10;1;47;64;38;45;49;56;2;2%;10%;9%
bepro-network;bepro;11;107%;7%;101%;88%;0;11;111;;11;11;-143;0;1;43;69;22;30;57;68;2;0%;-1%;-2%
dforce-token;df;11;42%;19%;87%;78%;0;111;111;;11;13;-105;0;0;52;44;50;34;63;62;2;0%;22%;11%
numbers-protocol;num;11;54%;16%;96%;97%;0;11;111;;11;3;-116;10;1;69;52;22;35;56;75;4;5%;0%;13%
beldex;bdx;11;102%;19%;56%;88%;0;11;111;;1;14;-100;0;2;41;64;56;32;35;61;4;0%;0%;3%
world-mobile-token;wmt;10;48%;29%;81%;87%;0;11;111;;11;2;-74;0;1;49;62;43;41;55;68;0;-3%;-6%;-29%
verasity;vra;10;42%;20%;62%;65%;0;1;110;;11;12;-99;0;2;60;74;50;40;48;55;3;-1%;7%;13%
solana;sol;10;68%;29%;89%;55%;100;11;110;;1;4;-67;10;1;42;61;53;44;50;56;2;3%;6%;-4%
helium;hnt;10;74%;46%;55%;41%;110;10;101;;0;3;-16;0;0;44;48;35;47;45;49;1;-2%;-14%;-15%
orbs;orbs;10;47%;11%;39%;98%;0;10;11;;11;5;-126;0;2;38;75;83;35;45;56;0;-2%;-11%;-42%
fetch-ai;fet;10;37%;102%;74%;58%;11;110;1;;10;23;211;0;1;56;27;38;57;62;54;4;8%;3%;20%
havven;snx;10;72%;22%;102%;83%;0;11;111;;11;6;-87;0;0;41;4;23;42;81;69;3;-2%;56%;70%
nakamoto-games;naka;10;43%;64%;84%;32%;101;11;101;;10;41;46;10;1;57;7;48;59;68;50;3;-1%;0%;7%
wrapped-bitcoin;wbtc;10;27%;10%;79%;19%;100;11;110;;11;34;-130;10;1;40;77;52;40;45;43;2;1%;14%;22%
hackenai;hai;10;51%;24%;80%;66%;0;11;110;;11;18;-79;10;2;43;65;68;40;52;56;2;4%;0%;-3%
origin-dollar;ousd;10;0%;58%;56%;22%;11;1;0;;0;22;40;0;2;52;76;67;51;50;45;2;-1%;-2%;29%
lever;lever;10;29%;60%;59%;26%;11;1;100;;1;1;32;0;2;66;55;58;48;52;51;2;1%;5%;-10%
monero;xmr;10;28%;10%;92%;53%;100;11;110;;11;7;-131;0;0;36;54;36;38;57;53;2;-1%;6%;3%
selfkey;key;10;61%;22%;76%;0%;1;111;100;;10;8;-94;0;1;61;30;42;41;63;43;1;0%;-35%;-52%
omisego;omg;10;63%;10%;27%;54%;0;1;111;;11;5;-124;0;3;57;60;63;31;43;51;3;12%;7%;10%
smooth-love-potion;slp;10;32%;8%;99%;56%;0;11;110;;11;0;-138;0;3;59;58;60;31;54;55;2;0%;5%;4%
nkn;nkn;10;31%;19%;90%;54%;0;111;111;;10;11;-110;0;1;59;30;38;43;62;55;3;1%;26%;-17%
dexe;dexe;10;15%;29%;72%;56%;0;1;111;;11;8;-70;0;1;85;49;50;41;51;54;2;0%;11%;21%
morpheus-network;mnw;10;18%;44%;54%;13%;10;11;100;;10;19;-41;0;2;90;58;40;43;48;41;1;-7%;24%;33%
pstake-finance;pstake;10;48%;12%;60%;25%;0;111;100;;10;7;-117;0;2;67;67;55;31;51;47;2;0%;1%;4%
mobox;mbox;10;35%;11%;80%;39%;0;11;110;;11;2;-133;0;2;58;66;45;33;47;52;0;2%;0%;-17%
h2o-dao;h2o;10;25%;10%;82%;51%;0;11;110;;11;2;-130;0;1;34;80;52;35;46;50;2;0%;-1%;-3%
serum;srm;10;1101%;16%;100%;93%;0;11;111;;11;0;-111;0;1;42;41;56;31;57;64;2;0%;16%;8%
pancakeswap-token;cake;10;38%;6%;81%;66%;0;11;110;;11;4;-143;0;2;58;93;24;28;47;85;2;3%;8%;-12%
avalanche-2;avax;10;61%;9%;74%;77%;0;11;111;;11;9;-135;0;1;34;72;32;31;47;59;2;0%;2%;-2%
chainlink;link;10;52%;27%;100%;100%;0;111;111;;11;6;-74;0;0;38;49;36;43;62;71;1;0%;-19%;-16%
reserve-rights-token;rsr;10;53%;12%;78%;53%;0;11;110;;11;1;-130;0;2;63;57;40;35;48;54;2;-3%;15%;6%
iotex;iotx;10;77%;10%;78%;58%;0;11;110;;11;3;-126;0;2;39;65;66;31;51;55;3;2%;33%;41%
storj;storj;10;79%;15%;103%;79%;0;11;111;;11;5;-116;0;0;55;20;22;35;72;60;4;1%;25%;-1%
iota;miota;10;36%;44%;87%;17%;1;111;110;;10;3;-23;0;0;36;41;45;47;69;48;2;3%;-12%;-19%
tezos;xtz;10;37%;12%;95%;84%;0;11;111;;11;1;-124;0;0;49;54;52;36;56;68;1;-1%;2%;2%
decentral-games;dg;10;215%;27%;52%;90%;0;1;111;;1;6;-69;0;1;27;78;37;39;40;72;0;3%;-25%;-47%
request-network;req;10;39%;8%;75%;85%;0;11;111;;11;4;-136;0;0;44;43;38;33;54;67;2;0%;-9%;-28%
sylo;sylo;10;44%;40%;61%;66%;1;110;11;;10;0;-36;0;0;42;0;55;42;54;48;3;0%;-6%;42%
gensokishis-metaverse;mv;10;369%;27%;76%;68%;0;11;111;;11;0;-74;0;1;46;56;49;26;49;63;0;0%;-3%;1%
zoid-pay;zpay;10;3598%;24%;90%;100%;0;111;111;;11;2;-77;0;0;40;46;3;25;60;84;1;-1%;-6%;-24%
numeraire;nmr;10;103%;108%;50%;26%;11;110;1;;10;12;391;0;0;14;12;32;68;52;35;1;-8%;-21%;-48%
clover-finance;clv;10;37%;15%;64%;23%;0;11;110;;11;3;-123;0;2;48;57;56;37;52;42;1;2%;0%;-11%
concentrated-voting-power;cvp;10;40%;15%;100%;91%;0;11;111;;11;9;-117;0;0;45;45;23;33;61;64;0;-1%;-5%;-3%
velo;velo;10;79%;64%;99%;52%;1;111;110;;10;6;42;0;1;61;44;47;50;69;56;1;4%;78%;12%
swipe;sxp;10;83%;10%;73%;57%;0;11;111;;11;14;-132;0;1;43;58;41;30;46;52;1;-9%;-2%;6%
certik;ctk;10;53%;20%;86%;94%;0;111;111;;11;0;-102;0;0;40;32;36;37;64;65;1;-43%;10%;2%
adex;adx;10;26%;19%;93%;93%;0;11;111;;11;12;-103;0;0;48;33;35;39;64;68;3;1%;4%;-10%
centrifuge;cfg;10;79%;26%;93%;8%;101;111;100;;10;8;-86;10;0;36;17;34;46;64;46;3;1%;15%;-19%
vectorspace;vxv;10;71%;9%;71%;88%;0;11;111;;11;14;-132;0;0;44;47;52;35;53;58;0;0%;-12%;-38%
bella-protocol;bel;10;45%;28%;76%;48%;1;111;101;;10;9;-75;0;0;46;43;31;45;57;55;3;2%;23%;-4%
sweatcoin;sweat;10;91%;106%;86%;21%;11;111;101;;10;2;216;0;0;29;29;46;66;72;47;3;0%;-5%;59%
iris-network;iris;10;37%;15%;70%;88%;0;11;111;;11;19;-118;0;1;57;36;50;37;54;59;2;-4%;-21%;-34%
perpetual-protocol;perp;10;46%;26%;90%;52%;1;111;101;;10;9;-89;0;1;58;28;48;42;63;56;3;0%;14%;20%
optimism;op;10;52%;33%;69%;24%;10;11;110;;1;15;-60;10;1;56;50;40;43;47;46;2;-1%;6%;-3%
radicle;rad;10;37%;11%;81%;50%;0;111;110;;11;4;-120;0;1;66;33;26;38;57;53;3;1%;91%;-45%
bakerytoken;bake;10;58%;34%;90%;55%;10;11;110;;11;5;-60;0;0;46;49;50;43;56;55;2;3%;16%;45%
dimitra;dmtr;10;224%;15%;76%;99%;0;1;111;;11;22;-118;0;1;53;66;30;35;51;66;3;-6%;2%;15%
anchor-protocol;anc;10;222%;29%;69%;89%;0;11;11;;11;0;-84;0;2;78;57;43;44;52;61;0;-3%;-6%;-8%
mxc;mxc;10;159%;21%;57%;100%;0;1;111;;11;0;-92;0;1;41;72;38;23;49;63;2;1%;-4%;21%
pirate-chain;arrr;10;40%;26%;23%;79%;10;0;11;;1;2;-84;0;2;55;57;80;39;36;52;1;0%;1%;6%
cocos-bcx;cocos;10;123%;28%;90%;51%;1;111;110;;10;11;-75;0;2;72;54;56;37;65;53;3;1%;4%;-15%
xcad-network;xcad;10;191%;59%;64%;12%;10;11;100;;0;13;29;10;1;25;66;36;53;49;43;1;-2%;-4%;-17%
aurora-dao;idex;10;57%;19%;56%;69%;0;101;111;;11;12;-105;0;2;62;73;43;37;54;58;1;2%;3%;-21%
velas;vlx;10;237%;11%;89%;94%;0;11;111;;11;0;-126;0;0;19;29;37;21;55;68;3;-2%;14%;13%
biswap;bsw;10;113%;12%;99%;86%;0;11;111;;11;0;-129;0;1;36;66;52;22;53;64;2;0%;4%;-19%
band-protocol;band;10;36%;15%;77%;78%;0;11;111;;11;7;-111;0;0;49;52;42;39;53;61;3;0%;1%;25%
chiliz;chz;10;48%;5%;76%;53%;0;11;110;;11;3;-141;0;1;45;69;44;26;47;52;0;1%;-4%;-4%
loki-network;oxen;10;116%;42%;42%;82%;0;10;11;;10;1;-23;0;1;38;77;46;44;45;48;0;-1%;-1%;-3%
calamari-network;kma;10;180%;19%;101%;77%;0;11;111;;11;5;-104;0;0;52;17;7;29;60;61;2;-1%;0%;-4%
multichain;multi;10;699%;19%;32%;74%;0;1;111;;11;19;-107;10;3;60;60;69;20;34;57;2;80%;-1%;-21%
wrapped-nxm;wnxm;9;11%;30%;29%;49%;100;0;101;;1;44;-75;10;3;70;73;58;52;41;51;1;1%;-1%;9%
maker;mkr;9;101%;62%;5%;89%;111;100;1;;0;17;39;0;0;30;44;19;60;44;59;3;1%;23%;1%
dydx;dydx;9;21%;52%;43%;57%;10;0;101;;1;10;1;0;2;77;57;44;49;46;54;2;-3%;14%;-4%
energi;nrg;9;387%;42%;71%;21%;0;1;110;;11;2;-36;0;2;19;80;78;46;53;48;1;7%;1%;-12%
ark;ark;9;46%;84%;86%;34%;1;111;100;;10;3;108;0;0;39;19;54;56;71;51;2;-32%;-22%;-11%
tellor;trb;9;83%;106%;16%;54%;11;100;1;;0;6;229;1;0;31;37;53;65;44;50;2;-2%;66%;-6%
aleph;aleph;9;37%;34%;18%;37%;100;0;0;;1;7;-86;10;2;25;69;71;46;38;48;2;1%;0%;2%
bifrost-native-coin;bnc;9;38%;54%;43%;52%;10;0;101;;1;13;16;10;1;47;52;65;49;39;53;2;-4%;-14%;15%
tron;trx;9;14%;46%;55%;3%;101;110;100;;10;21;-18;0;1;42;57;34;53;51;39;2;1%;5%;-7%
alkimi;$ads;9;60%;73%;58%;6%;11;1;100;;1;8;82;0;0;36;43;25;49;51;38;1;-2%;4%;-7%
hedera-hashgraph;hbar;9;43%;25%;26%;72%;10;0;11;;1;11;-85;10;1;37;58;36;41;36;52;0;-2%;-14%;-28%
zcoin;firo;9;32%;20%;62%;47%;0;11;100;;11;5;-91;0;2;61;70;34;39;47;49;2;99%;7%;1%
prometeus;prom;9;39%;114%;62%;25%;11;110;0;;10;4;519;0;0;23;-10;51;71;54;35;4;0%;20%;701%
aave;aave;9;57%;14%;88%;66%;0;11;110;;11;6;-118;0;1;38;67;47;39;48;56;0;0%;-4%;-10%
compound-governance-token;comp;9;153%;19%;49%;61%;100;10;101;;1;17;-93;10;1;29;60;33;41;44;54;2;1%;7%;-3%
project-galaxy;gal;9;20%;11%;67%;69%;0;1;111;;11;2;-123;0;1;71;52;20;41;49;60;3;-1%;108%;43%
curve-dao-token;crv;9;140%;13%;50%;81%;0;1;111;;11;8;-116;0;1;28;80;39;29;43;61;2;0%;6%;-6%
audius;audio;9;43%;6%;86%;59%;0;11;111;;11;10;-145;0;0;55;51;30;34;54;57;3;-14%;22%;-6%
marcopolo;map;9;70%;17%;59%;85%;0;1;111;;11;15;-99;10;1;29;67;34;26;51;60;0;-8%;-33%;-32%
cirus;cirus;9;27%;53%;9%;39%;10;100;1;;0;7;8;0;1;73;25;54;42;36;41;2;2%;3%;-1%
yfii-finance;yfii;9;163%;14%;73%;38%;0;111;101;;10;6;-110;0;1;23;58;39;25;55;52;0;1%;-7%;-11%
matic-network;matic;9;61%;13%;85%;49%;0;11;110;;11;12;-126;0;1;39;72;38;33;49;53;2;0%;4%;-4%
morpheus-labs;mitx;9;57%;42%;62%;0%;1;110;0;;10;14;-31;0;2;94;35;56;44;56;39;0;1%;0%;-3%
aelf;elf;9;23%;86%;43%;23%;11;110;0;;0;33;150;10;0;47;36;54;58;47;33;0;0%;-17%;-28%
reef;reef;9;57%;16%;92%;66%;0;11;110;;11;2;-109;0;0;48;45;41;34;58;60;2;0%;22%;9%
status;snt;9;34%;13%;71%;60%;0;10;11;;10;1;-119;0;1;51;50;77;40;50;52;1;0%;2%;1%
vega-protocol;vega;9;151%;77%;72%;65%;1;111;10;;11;8;87;0;0;34;44;13;56;59;53;1;6%;-4%;-56%
nexo;nexo;9;16%;11%;33%;74%;0;10;101;;10;0;-138;0;2;51;83;74;38;47;54;3;2%;5%;-4%
xyo-network;xyo;9;26%;9%;55%;38%;0;101;110;;11;2;-130;0;3;61;72;58;35;51;48;1;0%;-3%;-9%
spell-token;spell;9;41%;8%;85%;54%;0;11;110;;11;1;-134;0;1;49;69;48;30;51;54;2;0%;2%;-5%
govi;govi;9;83%;15%;71%;86%;0;101;11;;11;16;-113;0;1;44;67;39;24;54;64;2;2%;3%;-1%
binancecoin;bnb;9;23%;11%;75%;50%;0;11;101;;11;8;-131;0;1;48;78;30;33;45;52;2;3%;2%;-4%
zelcash;flux;9;74%;11%;78%;59%;0;11;110;;11;4;-125;0;1;51;63;50;32;50;53;1;4%;-5%;-4%
measurable-data-token;mdt;9;54%;51%;69%;43%;1;111;110;;10;17;-1;0;1;57;19;48;51;63;52;1;-6%;-35%;-60%
tomochain;tomo;9;70%;51%;38%;24%;110;110;1;;10;29;1;0;0;48;36;0;52;49;36;1;17%;-4%;-11%
haven;xhv;9;84%;22%;12%;64%;10;0;11;;1;8;-99;0;1;61;26;33;39;32;48;3;-3%;10%;-19%
uniswap;uni;9;63%;11%;87%;70%;0;11;111;;11;4;-126;0;0;31;49;40;38;52;58;2;2%;8%;5%
raydium;ray;9;37%;10%;92%;73%;0;11;110;;11;0;-140;0;0;41;35;23;40;64;64;3;-3%;8%;-57%
1inch;1inch;9;66%;9%;65%;55%;0;11;110;;11;1;-134;0;1;27;67;46;33;45;53;0;1%;-2%;-3%
phoenix-global;phb;9;60%;34%;82%;16%;1;111;100;;10;14;-52;0;1;58;23;33;44;62;46;0;0%;-6%;-36%
origin-protocol;ogn;9;68%;22%;88%;55%;0;11;111;;11;3;-94;0;0;30;44;28;39;54;54;3;-3%;37%;16%
divi;divi;9;148%;12%;38%;86%;0;1;111;;11;0;-112;0;1;47;57;54;28;43;57;1;8%;1%;-71%
beta-finance;beta;9;26%;3%;52%;46%;0;11;100;;11;4;-156;0;3;61;59;71;39;47;50;2;1%;4%;-13%
axie-infinity;axs;9;56%;4%;55%;61%;0;1;111;;11;2;-153;0;1;43;64;44;31;43;57;2;-1%;8%;-26%
cardano;ada;9;34%;14%;87%;51%;0;11;110;;11;2;-125;0;1;50;69;37;36;49;55;0;-2%;0%;-11%
illuvium;ilv;9;36%;32%;30%;39%;10;1;101;;1;8;-69;0;1;48;58;41;43;41;50;2;37%;38%;-7%
manchester-city-fan-token;city;9;22%;27%;62%;20%;0;1;100;;11;8;-80;0;2;72;61;45;34;49;41;2;15%;11%;-18%
metal;mtl;9;47%;17%;66%;35%;100;10;100;;10;6;-109;0;2;51;63;71;45;49;48;1;1%;-5%;0%
dao-maker;dao;9;23%;8%;36%;67%;0;1;111;;1;10;-157;0;2;70;31;72;32;37;55;1;-20%;-19%;-37%
xdefi;xdefi;9;51%;16%;12%;42%;0;0;101;;11;0;-99;0;3;63;85;85;32;41;49;3;1%;8%;2%
basic-attention-token;bat;9;38%;8%;78%;79%;0;11;111;;11;4;-140;0;0;48;53;41;37;48;62;2;1%;4%;-1%
kusama;ksm;9;50%;11%;67%;42%;0;11;101;;11;2;-133;0;1;52;61;29;34;50;51;2;-5%;12%;10%
cartesi;ctsi;9;57%;17%;100%;81%;0;11;111;;11;13;-116;0;1;59;29;33;41;65;66;3;-2%;5%;-43%
aptos;apt;9;53%;5%;65%;72%;0;1;111;;11;5;-142;10;0;49;52;38;32;48;63;1;-4%;4%;0%
casper-network;cspr;9;21%;17%;46%;87%;0;10;11;;11;22;-115;0;2;70;57;51;41;47;56;2;1%;6%;13%
polkastarter;pols;9;49%;10%;61%;82%;0;10;11;;11;5;-131;0;1;44;43;65;34;49;54;1;0%;-2%;-16%
flow;flow;9;81%;12%;78%;61%;0;11;111;;11;0;-131;0;0;47;53;38;31;48;57;2;0%;2%;8%
ethereum-name-service;ens;9;41%;1%;65%;85%;0;1;111;;11;2;-163;0;1;45;56;21;32;48;75;3;4%;36%;-11%
clearpool;cpool;9;62%;3%;49%;88%;0;1;111;;11;1;-152;0;2;44;67;91;27;40;58;1;-3%;5%;-2%
findora;fra;9;34%;2%;47%;41%;100;1;110;;1;5;-193;0;2;56;42;77;43;41;53;3;-1%;6%;11%
cosmos;atom;9;57%;5%;72%;64%;0;11;111;;11;5;-144;0;0;32;51;32;26;48;56;1;37%;-3%;-12%
troy;troy;9;84%;35%;57%;26%;0;111;100;;10;8;-52;0;1;55;66;49;43;50;46;1;3%;5%;-33%
unlend-finance;uft;9;50%;39%;73%;34%;1;110;101;;10;14;-40;0;0;45;36;47;42;58;46;2;0%;3%;33%
newscrypto-coin;nwc;9;51%;29%;58%;91%;0;1;101;;1;7;-74;0;1;70;27;11;44;50;63;0;-3%;-2%;-16%
suku;suku;9;59%;13%;39%;100%;0;10;11;;11;10;-124;0;1;43;61;49;29;47;61;2;0%;2%;6%
swftcoin;swftc;9;42%;30%;60%;19%;101;110;0;;10;4;-70;0;1;65;33;50;47;53;42;3;0%;4%;19%
dtravel;trvl;9;106%;22%;27%;94%;0;1;111;;1;7;-96;0;1;83;9;28;39;34;68;1;-5%;-5%;34%
veed;veed;9;65%;5%;29%;100%;100;0;11;;1;20;-156;0;2;52;86;68;43;36;55;0;0%;-14%;0%
adventure-gold;agld;9;103%;77%;73%;21%;101;110;100;;10;15;81;0;0;20;-10;24;59;60;39;4;0%;73%;87%
hashflow;hft;9;23%;26%;63%;21%;0;110;100;;10;0;-90;10;1;67;31;33;41;54;44;1;0%;-19%;-59%
rei-network;rei;9;47%;64%;57%;45%;1;110;1;;10;8;59;0;0;41;41;43;51;53;47;3;-1%;-24%;46%
mina-protocol;mina;9;41%;5%;51%;74%;0;10;111;;11;10;-154;0;1;58;48;47;33;45;55;2;1%;3%;13%
litentry;lit;9;48%;19%;101%;57%;0;111;110;;11;11;-103;0;0;48;25;30;38;71;56;3;19%;65%;-46%
ac-milan-fan-token;acm;9;46%;30%;38%;59%;0;1;110;;1;3;-72;0;1;28;58;45;41;46;54;1;12%;-8%;-32%
camelot-token;grail;9;170%;11%;83%;89%;0;1;111;;11;15;-123;10;0;40;52;19;33;52;63;1;-1%;-2%;-3%
ergo;erg;9;30%;1%;86%;68%;0;1;110;;11;1;-179;0;0;49;48;47;33;55;61;1;2%;1%;-14%
ampleforth-governance-token;forth;9;42%;41%;96%;72%;0;111;110;;10;4;-35;0;0;36;34;39;46;64;56;4;6%;6%;17%
frax-share;fxs;9;26%;6%;55%;70%;0;1;110;;1;13;-155;0;1;66;39;42;41;48;61;2;-6%;23%;27%
alien-worlds;tlm;9;39%;9%;72%;53%;0;11;110;;11;8;-156;0;0;49;48;43;36;49;55;2;2%;15%;-1%
atletico-madrid;atm;9;32%;34%;45%;69%;0;1;111;;1;2;-60;0;0;45;49;52;44;47;57;1;1%;-48%;-59%
gas;gas;9;39%;12%;79%;64%;0;11;111;;10;10;-126;0;0;46;40;39;36;57;54;1;-4%;-24%;-13%
decentraland;mana;9;59%;8%;64%;61%;0;1;111;;11;8;-133;0;1;45;64;47;30;47;54;2;12%;3%;0%
boson-protocol;boson;9;82%;32%;74%;12%;1;111;100;;10;1;-55;0;0;41;51;43;39;54;44;2;-3%;0%;2%
mask-network;mask;9;69%;7%;86%;79%;0;11;111;;11;19;-138;10;1;44;58;39;33;49;61;1;-1%;4%;-2%
arweave;ar;9;67%;9%;92%;75%;0;11;111;;11;4;-135;0;0;44;45;45;31;55;67;2;3%;15%;2%
juventus-fan-token;juv;9;22%;13%;54%;26%;0;1;110;;11;3;-126;0;1;46;63;31;38;46;44;1;18%;-22%;-43%
aavegotchi;ghst;9;38%;14%;40%;56%;0;101;110;;11;7;-118;0;1;43;60;22;36;48;53;1;-1%;-8%;-28%
karura;kar;9;109%;26%;50%;81%;0;10;11;;11;0;-70;0;1;53;66;50;35;48;58;2;0%;1%;-2%
coinweb;cweb;9;104%;35%;84%;14%;1;111;100;;10;19;-47;0;0;32;-4;52;40;85;48;3;-1%;0%;9%
synapse-2;syn;9;126%;12%;70%;71%;0;1;110;;11;6;-125;0;1;34;64;25;32;54;58;2;0%;23%;-13%
linear;lina;9;66%;9%;83%;47%;100;11;110;;11;12;-146;0;1;58;52;51;43;53;51;1;0%;-12%;-10%
alpha-finance;alpha;9;61%;5%;57%;51%;0;11;101;;11;10;-146;0;1;49;62;36;31;45;53;1;0%;1%;-13%
fx-coin;fx;9;28%;25%;70%;27%;1;111;100;;10;1;-82;0;0;42;48;35;39;57;45;3;7%;10%;-22%
pivx;pivx;9;77%;24%;44%;29%;1;110;1;;10;11;-85;0;1;51;39;63;42;47;43;2;0%;1%;72%
loopring;lrc;9;48%;10%;101%;64%;0;11;111;;11;9;-127;0;0;49;12;21;32;68;62;3;6%;164%;68%
mantra-dao;om;9;50%;14%;78%;49%;0;111;110;;11;5;-117;0;1;50;58;47;35;56;51;1;0%;0%;-23%
celer-network;celr;9;73%;12%;90%;55%;0;11;110;;11;14;-126;0;1;53;63;36;33;50;56;1;-2%;4%;-43%
kambria;kat;8;117%;27%;45%;86%;1;100;11;;11;17;-84;0;1;46;5;56;39;49;57;4;3%;4%;263%
bitshares;bts;8;37%;33%;71%;39%;0;10;101;;10;8;-52;0;1;53;61;45;47;52;50;1;5%;-1%;-10%
step-app-fitfi;fitfi;8;55%;46%;42%;12%;10;0;100;;11;0;-22;0;2;66;61;48;36;43;42;1;0%;-5%;-4%
wing-finance;wing;8;23%;96%;60%;4%;1;110;0;;10;2;131;0;0;51;33;54;53;53;34;4;0%;13%;64%
lukso-token;lyxe;8;90%;32%;27%;35%;0;1;100;;11;27;-60;10;3;59;63;74;40;45;47;2;-60%;26%;81%
nervos-network;ckb;8;25%;21%;56%;20%;0;10;100;;10;12;-120;0;2;60;57;41;41;48;45;1;2%;3%;-11%
litecoin;ltc;8;98%;15%;67%;26%;0;11;100;;11;24;-119;10;1;40;63;40;36;47;46;2;1%;5%;-1%
dash;dash;8;63%;13%;74%;49%;0;11;101;;11;12;-124;0;1;53;56;39;33;50;52;1;1%;2%;-7%
api3;api3;8;53%;70%;34%;9%;11;100;100;;10;5;93;0;0;44;40;52;51;49;41;0;-5%;-16%;8%
scallop;sclp;8;75%;19%;69%;25%;0;11;101;;10;9;-96;0;0;43;48;37;36;54;50;1;0%;-4%;-5%
vaiot;vai;8;88%;5%;38%;99%;0;1;11;;1;23;-153;10;0;52;54;18;36;37;68;0;0%;-5%;-8%
the-sandbox;sand;8;69%;8%;60%;28%;0;11;100;;11;1;-137;0;1;41;66;35;28;43;47;3;3%;1%;4%
hathor;htr;8;54%;12%;16%;42%;0;0;1;;1;6;-135;0;2;55;59;91;39;36;44;1;-1%;7%;5%
biconomy;bico;8;33%;13%;54%;60%;0;1;111;;11;3;-131;0;1;60;47;31;38;49;57;2;0%;6%;-9%
ssv-network;ssv;8;56%;6%;57%;37%;0;1;110;;11;23;-146;0;2;57;64;30;34;45;49;2;3%;3%;6%
nym;nym;8;102%;4%;57%;71%;0;10;11;;11;4;-142;0;0;29;50;54;27;39;51;2;0%;2%;-2%
derace;derc;8;24%;36%;18%;47%;10;0;1;;1;3;-48;10;3;56;80;71;46;36;49;2;-2%;-3%;5%
enjincoin;enj;8;50%;7%;80%;55%;0;11;101;;11;11;-136;0;0;41;45;44;30;50;55;2;1%;6%;4%
akash-network;akt;8;636%;62%;35%;8%;110;0;100;;1;21;36;10;0;7;55;14;56;42;36;2;-4%;3%;16%
badger-dao;badger;8;31%;29%;81%;41%;0;11;100;;10;3;-110;0;0;41;44;54;43;56;53;2;6%;-3%;-4%
dusk-network;dusk;8;62%;8%;68%;72%;0;1;111;;11;11;-145;0;0;47;44;38;36;49;65;2;0%;10%;5%
vechain;vet;8;38%;9%;69%;35%;0;11;100;;11;10;-135;0;2;51;65;58;37;47;51;2;-11%;1%;10%
ethereum-classic;etc;8;40%;11%;48%;51%;0;1;101;;11;0;-128;0;1;45;77;39;36;44;52;2;1%;6%;0%
ecash;xec;8;91%;21%;47%;20%;100;10;100;;10;4;-95;0;1;52;70;40;40;43;41;0;-3%;-5%;-7%
defichain;dfi;8;59%;40%;100%;69%;1;11;110;;11;0;-33;0;0;30;15;28;42;73;77;3;-1%;1%;6%
automata;ata;8;53%;33%;66%;39%;1;101;100;;11;9;-63;0;1;53;58;40;40;53;51;2;4%;27%;-22%
axelar;axl;8;25%;32%;76%;0%;0;110;100;;10;1;-61;0;1;59;40;1;39;62;27;4;0%;45%;28%
pluton;plu;8;102%;20%;32%;100%;0;1;11;;11;9;-100;0;1;42;42;70;33;42;61;2;5%;2%;8%
bosagora;boa;8;66%;17%;58%;87%;0;10;1;;11;0;-114;0;1;30;52;62;31;44;56;0;0%;-8%;-8%
nimiq-2;nim;8;88%;11%;67%;69%;0;1;10;;11;17;-128;10;2;59;65;7;26;49;55;2;10%;0%;21%
hegic;hegic;8;51%;10%;36%;86%;0;0;101;;11;25;-133;10;2;53;80;91;36;46;56;1;-1%;0%;-4%
ocean-protocol;ocean;8;33%;37%;78%;0%;1;11;100;;10;19;-51;0;0;45;36;28;47;56;40;4;-5%;6%;12%
og-fan-token;og;8;41%;65%;38%;46%;11;100;1;;10;7;61;0;0;50;19;36;48;45;46;2;-9%;-55%;-57%
singularitydao;sdao;8;54%;12%;50%;100%;0;1;111;;1;8;-123;0;0;49;42;-7;41;45;86;1;0%;0%;0%
parsiq;prq;8;62%;10%;34%;90%;0;101;11;;11;12;-139;0;1;52;59;49;36;48;60;2;0%;3%;3%
orchid-protocol;oxt;8;98%;69%;66%;30%;11;10;0;;10;9;82;0;0;26;15;45;52;53;39;4;13%;24%;253%
flamingo-finance;flm;8;44%;13%;100%;52%;0;11;110;;11;2;-124;0;1;59;25;37;39;64;56;4;29%;239%;84%
nuls;nuls;8;34%;23%;78%;9%;1;110;100;;10;16;-90;0;0;55;35;32;40;59;40;2;-6%;-2%;19%
0x;zrx;8;51%;7%;80%;57%;0;11;101;;11;10;-143;0;0;47;44;38;36;51;58;1;-1%;-12%;-13%
elrond-erd-2;egld;8;65%;10%;48%;72%;0;1;101;;11;3;-131;0;1;28;63;49;29;45;58;2;0%;8%;0%
ravencoin;rvn;8;48%;9%;74%;42%;0;11;110;;11;1;-133;0;0;44;45;53;31;50;49;2;-2%;-3%;-7%
celo;celo;8;38%;13%;69%;52%;0;11;110;;11;4;-118;0;1;48;58;46;39;49;54;1;-3%;1%;-24%
filecoin;fil;8;57%;6%;86%;42%;0;11;110;;11;6;-141;0;0;42;47;37;32;47;50;2;1%;15%;2%
kyber-network-crystal;knc;8;74%;22%;77%;44%;0;11;101;;11;2;-100;0;0;38;51;36;40;50;53;2;-1%;2%;-4%
wilder-world;wild;8;85%;11%;38%;45%;0;1;110;;1;15;-130;10;0;49;55;48;33;37;46;2;0%;-3%;1%
bonfida;fida;8;112%;17%;90%;39%;0;111;100;;10;3;-110;0;0;36;39;47;31;61;50;3;1%;16%;48%
fantom;ftm;8;81%;19%;92%;51%;0;11;110;;11;12;-102;0;0;51;54;46;32;54;54;2;11%;10%;14%
ethereum-pow-iou;ethw;8;72%;13%;55%;89%;0;10;111;;11;0;-119;0;1;50;56;50;28;49;60;1;0%;-13%;0%
bifrost;bfc;8;25%;25%;30%;45%;0;100;1;;11;3;-88;0;1;27;13;97;40;42;47;1;-1%;-44%;-47%
chainx;pcx;8;2782%;28%;44%;45%;0;1;100;;11;2;-71;0;3;65;66;60;29;47;50;2;-2%;3%;0%
radiant-capital;rdnt;8;54%;5%;64%;74%;0;1;111;;11;29;-151;10;0;45;52;48;35;48;64;2;5%;17%;2%
energy-web-token;ewt;8;37%;17%;64%;33%;0;11;100;;11;3;-99;0;1;54;48;98;39;52;49;3;0%;5%;38%
auction;auction;8;174%;50%;70%;19%;1;110;100;;10;5;1;0;1;23;24;58;50;56;38;4;1%;31%;418%
ethereum-push-notification-service;push;8;48%;10%;66%;69%;0;1;110;;11;5;-134;0;0;47;52;42;33;48;61;3;0%;0%;1%
kryll;krl;8;17%;13%;82%;3%;0;11;0;;11;0;-120;0;2;37;66;89;31;51;45;1;3%;-8%;-2%
dia-data;dia;8;28%;11%;79%;48%;0;11;110;;11;6;-129;0;0;55;32;24;36;53;50;1;-4%;-1%;-2%
rocket-pool;rpl;8;118%;14%;103%;76%;0;11;110;;11;19;-110;10;0;34;-4;9;25;76;78;3;19%;124%;82%
phantasma;soul;8;96%;9%;80%;47%;0;11;100;;10;5;-137;0;1;40;34;66;29;55;51;3;0%;0%;10%
the-virtua-kolect;tvk;8;53%;10%;69%;24%;0;11;100;;11;9;-128;0;1;52;62;43;30;50;47;3;0%;4%;6%
coti;coti;8;64%;13%;88%;47%;0;11;110;;11;4;-124;0;0;51;50;42;34;54;52;2;0%;10%;-3%
burger-swap;burger;8;41%;7%;50%;46%;0;1;101;;11;0;-141;0;1;51;68;46;32;46;52;3;1%;9%;2%
aergo;aergo;8;39%;13%;73%;54%;0;11;110;;11;4;-124;0;0;40;39;50;37;52;51;2;-11%;-19%;-3%
ankr;ankr;8;56%;4%;78%;45%;0;11;110;;11;5;-149;10;0;40;55;50;31;48;52;2;-4%;4%;5%
oasis-network;rose;8;44%;10%;95%;40%;0;11;110;;11;7;-130;0;1;46;43;58;35;58;51;2;3%;9%;-4%
huobi-token;ht;8;25%;11%;77%;42%;0;11;100;;11;3;-121;0;1;45;62;46;27;52;59;3;-1%;-1%;1%
contentos;cos;8;38%;9%;54%;56%;0;10;101;;11;9;-132;0;2;45;76;60;31;46;52;2;3%;30%;2%
marlin;pond;8;20%;27%;47%;60%;0;10;1;;1;9;-93;0;2;67;56;50;44;46;52;2;12%;9%;-9%
vethor-token;vtho;8;59%;12%;89%;42%;0;11;110;;11;7;-123;0;0;39;55;48;32;51;51;2;3%;6%;-4%
fc-barcelona-fan-token;bar;8;27%;45%;34%;17%;10;0;0;;11;0;-18;0;2;62;86;50;38;45;41;0;-12%;-8%;-35%
syscoin;sys;8;68%;18%;69%;30%;0;11;100;;11;10;-107;0;1;44;62;38;35;48;47;1;-1%;-6%;-9%
beefy-finance;bifi;8;39%;18%;97%;42%;0;11;110;;11;18;-109;10;1;56;43;33;32;60;52;2;0%;3%;-60%
theta-token;theta;8;47%;11%;84%;41%;0;11;100;;11;6;-131;0;1;43;63;42;36;50;52;2;-1%;7%;-16%
radix;xrd;8;73%;31%;33%;78%;0;0;10;;1;8;-81;0;2;72;69;31;43;43;53;1;2%;-4%;-37%
polymesh;polyx;8;51%;11%;58%;84%;0;11;101;;11;13;-131;0;0;45;55;35;35;47;60;1;1%;-9%;-22%
dego-finance;dego;8;31%;16%;76%;8%;0;111;100;;10;8;-109;0;0;50;19;42;39;60;40;3;22%;-36%;-7%
ovr;ovr;8;81%;16%;22%;58%;0;0;101;;1;4;-110;0;2;55;63;65;33;35;53;2;-1%;-5%;-3%
airswap;ast;8;57%;14%;75%;0%;0;11;100;;11;7;-115;0;1;47;63;36;37;51;41;1;0%;-2%;-19%
constitutiondao;people;8;77%;6%;71%;63%;0;1;111;;11;6;-137;0;0;42;55;28;29;49;57;2;1%;21%;11%
everscale;ever;8;33%;17%;64%;100%;0;1;11;;11;11;-113;0;1;40;69;35;42;51;65;3;6%;23%;43%
dfyn-network;dfyn;8;130%;11%;62%;3%;0;10;0;;10;7;-129;0;2;37;66;73;26;48;43;1;1%;1%;-7%
gifto;gto;7;74%;0%;22%;60%;0;0;1;;1;14;-170;0;2;62;63;43;31;32;52;2;0%;3%;28%
gnosis;gno;7;26%;14%;60%;13%;0;10;100;;10;1;-115;0;1;43;71;39;39;46;43;2;1%;23%;5%
ripple;xrp;7;111%;31%;61%;15%;100;10;100;;10;20;-58;0;0;25;50;25;44;46;41;2;2%;8%;8%
thorchain;rune;7;158%;78%;9%;23%;10;100;0;;1;7;82;0;0;16;28;36;59;37;38;2;0%;14%;40%
trust-wallet-token;twt;7;18%;9%;28%;21%;0;0;0;;10;13;-136;0;2;61;62;39;37;39;39;1;0%;4%;-5%
looksrare;looks;7;39%;32%;19%;36%;0;0;101;;1;4;-71;0;1;67;41;28;41;33;47;1;1%;0%;-11%
persistence;xprt;7;126%;21%;67%;31%;0;10;1;;10;1;-98;0;1;28;49;82;39;52;47;1;0%;3%;-15%
stargate-finance;stg;7;33%;11%;100%;62%;0;1;110;;1;11;-142;0;3;58;59;60;40;50;55;2;-1%;12%;-6%
tranchess;chess;7;36%;13%;63%;37%;0;11;100;;10;6;-141;0;0;55;52;42;34;50;48;2;1%;5%;-3%
sushi;sushi;7;41%;12%;59%;20%;0;1;100;;11;4;-136;0;1;53;58;29;38;46;45;2;-1%;5%;-7%
just;jst;7;29%;15%;46%;21%;0;10;100;;10;10;-116;0;1;39;71;28;38;44;42;2;0%;-1%;5%
conflux-token;cfx;7;117%;11%;27%;62%;0;1;111;;11;20;-131;0;1;59;52;48;35;43;54;2;1%;24%;1%
siacoin;sc;7;42%;21%;89%;18%;0;11;100;;10;9;-92;0;1;38;25;60;41;64;45;3;329%;-56%;7%
ardor;ardr;7;40%;12%;40%;42%;0;10;101;;10;7;-122;0;1;47;58;53;38;44;49;2;-36%;-2%;67%
stp-network;stpt;7;33%;48%;63%;0%;10;10;0;;0;15;-10;10;0;48;51;33;49;48;29;1;-8%;-23%;-33%
harmony;one;7;52%;7%;63%;46%;0;1;100;;11;9;-142;0;1;49;60;39;32;44;52;3;0%;6%;4%
telcoin;tel;7;75%;11%;62%;28%;0;10;0;;11;12;-126;0;2;37;68;64;28;47;40;2;1%;9%;8%
secret;scrt;7;62%;4%;29%;60%;0;0;11;;11;0;-162;0;0;44;49;36;28;39;52;2;0%;8%;17%
dogecoin;doge;7;36%;25%;32%;56%;0;0;101;;11;7;-83;0;1;40;72;38;41;46;52;1;3%;7%;-20%
thunder-token;tt;7;36%;54%;67%;23%;1;110;0;;10;6;10;0;0;46;28;44;50;56;44;4;0%;218%;122%
streamr;data;7;33%;17%;66%;5%;0;10;0;;10;14;-112;0;1;54;55;65;36;51;42;3;2%;0%;24%
gari-network;gari;7;772%;22%;43%;2%;0;1;100;;11;4;-100;0;1;41;69;44;25;42;39;2;1%;4%;-6%
alchemy-pay;ach;7;87%;10%;53%;42%;0;1;101;;11;19;-132;0;0;51;52;29;31;46;52;2;1%;20%;-3%
wemix-token;wemix;7;38%;19%;28%;12%;0;0;0;;10;6;-100;0;3;72;76;63;35;44;38;1;-7%;5%;-8%
woonkly-power;woop;7;136%;22%;34%;47%;0;0;110;;1;2;-124;0;1;28;58;39;40;35;50;2;0%;14%;-4%
radio-caca;raca;7;42%;11%;35%;14%;0;0;0;;11;0;-138;0;3;61;72;83;29;42;45;3;0%;7%;34%
unizen;zcx;7;91%;13%;46%;11%;0;1;100;;11;3;-119;0;1;42;52;80;32;48;46;2;0%;15%;10%
moviebloc;mbl;7;45%;29%;70%;35%;0;10;101;;10;14;-75;0;0;36;29;43;43;51;48;0;-3%;-20%;-28%
aleph-zero;azero;7;31%;5%;21%;0%;0;0;0;;11;9;-149;10;2;50;76;64;32;35;38;2;1%;5%;1%
crypto-com-chain;cro;7;27%;12%;89%;22%;0;11;100;;10;0;-125;0;0;41;27;41;33;55;46;3;0%;53%;17%
dent;dent;7;44%;5%;50%;40%;0;1;100;;11;11;-145;0;1;47;66;55;34;45;49;3;0%;8%;6%
prosper;pros;7;82%;18%;87%;23%;0;11;100;;10;4;-112;0;0;52;50;47;33;55;49;3;0%;9%;229%
immutable-x;imx;7;56%;4%;49%;50%;0;1;110;;11;15;-145;10;0;44;46;42;34;46;54;2;1%;8%;1%
electroneum;etn;7;27%;28%;28%;78%;0;0;11;;10;6;-91;0;1;50;53;96;43;47;47;1;-2%;-6%;-13%
xdce-crowd-sale;xdc;7;280%;60%;19%;10%;110;100;0;;0;27;36;10;1;11;75;37;57;43;35;1;0%;-4%;-3%
utrust;utk;7;53%;10%;44%;42%;0;1;100;;11;7;-129;0;1;52;75;42;34;44;51;2;0%;6%;0%
alpine-f1-team-fan-token;alpine;7;17%;18%;43%;25%;0;10;0;;11;4;-110;0;2;59;51;66;41;46;45;2;1%;-20%;-21%
aioz-network;aioz;7;45%;19%;25%;48%;0;100;1;;10;0;-117;0;0;50;25;43;37;44;43;3;-1%;63%;-33%
santos-fc-fan-token;santos;7;16%;21%;64%;24%;0;10;0;;10;0;-115;0;1;67;31;51;38;50;47;2;0%;-3%;19%
cream-2;cream;7;520%;32%;29%;0%;0;0;100;;10;18;-75;10;3;67;71;61;38;45;39;1;3%;4%;-18%
alchemix;alcx;7;60%;14%;22%;55%;0;100;1;;10;5;-114;0;1;45;62;47;30;45;47;1;2%;-6%;-30%
chromaway;chr;7;75%;13%;97%;43%;0;11;100;;11;9;-122;0;0;51;38;53;34;56;53;3;1%;153%;82%
mirror-protocol;mir;7;467%;19%;59%;41%;0;10;1;;10;0;-94;0;1;50;29;72;29;50;46;3;2%;26%;-35%
melon;mln;7;28%;1%;44%;44%;0;10;1;;10;4;-157;0;1;35;63;31;35;42;49;1;-2%;-3%;-7%
bitcoin-cash-sv;bsv;7;74%;22%;33%;41%;100;0;101;;1;1;-111;0;1;51;58;34;44;42;49;1;3%;-2%;-16%
yield-guild-games;ygg;7;1536%;52%;31%;20%;10;100;100;;1;2;12;0;0;13;46;43;50;44;44;2;0%;4%;-19%
truefi;tru;7;60%;15%;58%;24%;0;10;100;;10;8;-116;0;1;64;53;38;37;48;45;3;0%;18%;32%
sun-token;sun;7;18%;20%;40%;17%;0;10;100;;10;4;-114;10;1;50;69;42;41;45;44;1;0%;1%;-7%
nem;xem;7;38%;10%;50%;28%;0;10;101;;10;4;-127;0;1;50;59;21;34;45;44;1;0%;-5%;-10%
skale;skl;7;59%;4%;69%;36%;0;1;110;;11;7;-148;0;0;47;53;48;31;51;47;2;-1%;11%;2%
sperax;spa;7;57%;11%;11%;100%;0;0;11;;1;3;-130;0;1;74;50;22;39;37;67;3;0%;42%;111%
drep-new;drep;7;69%;13%;42%;58%;0;1;111;;11;6;-110;0;0;50;50;43;33;45;53;2;3%;0%;-19%
merit-circle;mc;7;213%;78%;48%;25%;10;10;0;;0;6;89;0;0;26;36;30;58;47;35;2;-5%;8%;78%
zencash;zen;7;50%;23%;47%;0%;0;1;100;;10;3;-82;0;1;45;63;27;42;47;33;0;-1%;-4%;-24%
nano;xno;7;34%;43%;54%;21%;1;110;100;;10;4;-32;0;0;43;55;33;47;54;41;2;-2%;10%;7%
ethernity-chain;ern;7;24%;27%;62%;20%;0;10;100;;10;7;-87;0;1;52;61;49;41;51;45;2;6%;7%;-38%
moonriver;movr;7;45%;10%;59%;13%;0;11;100;;10;2;-135;0;0;50;34;44;31;49;42;1;-18%;-16%;-40%
hooked-protocol;hook;7;93%;19%;66%;18%;0;11;100;;10;1;-103;0;1;56;34;35;34;52;47;1;-1%;-13%;-67%
liquity;lqty;7;82%;26%;82%;9%;0;11;100;;10;17;-81;0;0;45;28;36;40;57;41;3;-1%;6%;4%
tokocrypto;tko;7;25%;11%;60%;30%;0;10;100;;10;11;-125;0;2;62;56;50;36;48;47;2;0%;37%;18%
yield-app;yld;7;61%;19%;34%;30%;0;10;1;;10;14;-97;0;1;38;51;61;32;43;46;0;0%;-5%;-12%
render-token;rndr;7;77%;12%;95%;16%;0;11;100;;11;26;-119;0;0;48;50;34;37;52;46;2;4%;10%;12%
stafi;fis;7;50%;18%;70%;17%;0;10;100;;10;15;-107;0;1;55;61;39;36;52;45;2;0%;-2%;-3%
ethos;vgx;7;79%;16%;44%;42%;0;0;101;;11;1;-116;0;1;46;85;48;38;43;51;2;-4%;11%;18%
kadena;kda;7;57%;11%;41%;66%;0;10;1;;11;0;-118;0;1;40;63;45;32;43;55;3;0%;6%;26%
barnbridge;bond;7;75%;7%;96%;37%;0;11;100;;10;2;-150;0;1;41;44;59;33;59;49;3;0%;0%;122%
komodo;kmd;7;45%;17%;26%;98%;0;0;11;;1;14;-124;0;1;36;70;35;42;36;63;0;0%;-7%;-10%
iostoken;iost;7;42%;9%;82%;32%;0;11;100;;11;6;-132;0;0;42;50;43;34;51;49;2;4%;-20%;-12%
stepn;gmt;7;75%;8%;51%;27%;0;1;100;;11;1;-135;0;1;32;69;38;29;44;48;2;-1%;9%;-1%
lto-network;lto;7;35%;13%;57%;34%;0;11;100;;11;9;-121;0;2;58;55;58;32;50;50;0;-3%;-2%;-24%
near;near;7;45%;10%;53%;37%;0;1;100;;11;0;-136;0;1;50;62;44;35;44;49;2;13%;0%;1%
magic;magic;7;97%;3%;92%;38%;0;11;100;;11;15;-155;10;0;48;42;33;31;52;53;2;5%;51%;9%
neo;neo;7;52%;11%;76%;8%;0;11;100;;10;18;-125;0;0;48;46;30;35;50;41;2;2%;15%;3%
ecox;ecox;7;48%;13%;99%;49%;0;11;110;;11;0;-122;0;0;53;19;48;22;70;56;3;6%;28%;316%
singularitynet;agix;7;56%;23%;69%;18%;1;10;100;;10;21;-88;0;0;55;29;36;40;53;43;3;-5%;2%;17%
the-graph;grt;7;53%;10%;87%;38%;0;11;100;;11;14;-131;0;0;46;48;37;36;52;52;2;0%;3%;3%
creditcoin-2;ctc;7;65%;20%;31%;43%;0;100;1;;10;6;-103;0;0;48;26;46;36;42;38;1;-3%;-18%;-43%
astar;astr;7;71%;67%;20%;-1%;10;0;0;;0;17;51;10;1;32;71;6;53;42;22;0;-3%;-4%;-2%
decred;dcr;7;30%;11%;48%;44%;0;1;100;;11;0;-125;0;1;61;55;44;38;47;51;0;-7%;5%;-36%
chronobank;time;7;39%;60%;62%;28%;1;110;0;;10;3;23;0;0;38;8;48;41;56;39;2;43%;-15%;54%
verse-bitcoin;verse;7;43%;12%;55%;0%;0;1;100;;11;0;-124;0;2;73;72;13;20;44;28;1;0%;15%;-35%
force-protocol;for;7;23%;53%;75%;33%;1;110;0;;10;13;1;0;1;52;36;60;49;61;43;3;2%;32%;20%
ontology;ont;7;47%;7%;76%;31%;0;11;100;;11;8;-139;0;1;49;56;38;36;48;49;1;2%;1%;-5%
my-neighbor-alice;alice;7;66%;9%;64%;42%;0;11;100;;11;7;-132;0;0;47;47;43;33;47;49;3;0%;-1%;-8%
zilliqa;zil;7;52%;8%;83%;22%;0;11;100;;11;5;-132;0;0;44;49;37;32;50;46;2;-2%;14%;8%
kava-lend;hard;7;33%;9%;92%;26%;0;11;100;;11;4;-138;0;0;53;45;51;33;56;51;2;2%;4%;-11%
gmx;gmx;7;111%;5%;23%;50%;0;0;10;;1;17;-140;10;1;33;40;62;30;28;49;3;1%;12%;30%
iexec-rlc;rlc;7;41%;41%;59%;25%;1;110;0;;10;17;-36;0;0;54;23;44;45;53;37;1;-4%;-16%;-41%
solve-care;solve;7;38%;36%;30%;29%;1;100;10;;10;4;-55;0;1;59;43;53;42;48;44;2;1%;-24%;-44%
steem;steem;7;35%;9%;65%;37%;0;10;101;;10;11;-135;0;0;51;43;48;38;49;47;2;0%;-13%;-24%
ceek;ceek;7;56%;7%;39%;51%;0;1;101;;11;1;-140;0;1;47;83;48;21;34;51;1;1%;-5%;-7%
woo-network;woo;7;64%;15%;79%;77%;0;1;110;;11;19;-113;0;0;53;41;34;40;54;63;2;0%;1%;7%
concordium;ccd;7;37%;0%;36%;28%;0;1;100;;1;2;-165;10;1;37;46;83;29;36;48;2;1%;-1%;-2%
gamefi;gafi;7;251%;17%;45%;100%;0;0;11;;11;3;-100;0;0;53;51;54;23;46;61;3;1%;1%;1%
waves;waves;7;62%;11%;85%;17%;0;11;100;;11;0;-127;0;1;51;59;51;39;50;46;2;4%;8%;8%
lattice-token;ltx;7;167%;8%;19%;35%;0;0;101;;10;0;-147;0;1;42;76;24;27;44;44;0;0%;-14%;-7%
route;route;7;97%;17%;49%;36%;100;1;100;;11;8;-110;10;0;42;52;38;40;45;47;1;0%;-4%;-3%
superrare;rare;7;48%;15%;54%;45%;0;110;110;;10;6;-113;0;0;49;52;48;32;52;48;2;0%;10%;-57%
ooki;ooki;7;84%;6%;47%;24%;0;1;100;;11;3;-143;10;1;30;52;61;29;44;46;2;0%;-2%;-27%
osmosis;osmo;7;62%;3%;57%;3%;0;10;100;;11;3;-158;0;1;28;62;33;23;40;40;1;-3%;2%;2%
aurora-near;aurora;7;93%;13%;48%;100%;0;1;101;;11;0;-121;0;1;50;75;40;22;47;63;0;0%;-4%;3%
qtum;qtum;7;50%;11%;79%;33%;0;11;100;;11;8;-120;10;0;47;42;36;37;50;49;2;0%;5%;-5%
kucoin-shares;kcs;7;84%;4%;79%;62%;0;11;101;;11;11;-157;10;1;20;42;58;19;46;57;1;-3%;-1%;4%
wax;waxp;6;57%;9%;43%;14%;0;10;100;;10;5;-133;0;0;32;55;37;30;41;41;2;0%;12%;-9%
funfair;fun;6;42%;31%;27%;7%;0;100;100;;11;0;-58;0;1;66;52;33;42;46;42;0;-7%;-5%;-17%
ampleforth;ampl;6;44%;20%;11%;2%;100;0;0;;1;5;-97;0;2;63;68;36;42;35;34;1;7%;-13%;-3%
wanchain;wan;6;31%;32%;41%;0%;1;10;0;;10;9;-64;0;0;49;54;18;45;44;26;3;0%;12%;54%
eos;eos;6;53%;12%;56%;24%;0;10;100;;11;2;-121;0;0;45;55;34;34;46;43;3;0%;2%;7%
everipedia;iq;6;39%;18%;51%;35%;0;10;1;;10;15;-101;0;0;32;45;46;38;45;42;0;0%;-4%;-30%
victoria-vr;vr;6;68%;16%;29%;-1%;0;10;100;;10;6;-121;0;1;56;42;23;40;43;29;3;0%;0%;2%
digibyte;dgb;6;38%;14%;53%;35%;0;1;100;;11;7;-105;0;0;53;45;46;38;47;47;3;4%;4%;8%
klay-token;klay;6;41%;7%;36%;13%;0;0;100;;11;4;-139;0;1;48;64;44;31;41;45;1;-15%;17%;-5%
kaspa;kas;6;157%;49%;28%;27%;110;0;0;;0;34;-3;10;0;36;55;44;53;45;40;2;2%;1%;-9%
rif-token;rif;6;52%;21%;34%;31%;0;10;1;;10;9;-89;0;1;59;52;24;38;44;43;2;0%;3%;1%
rmrk;rmrk;6;31%;8%;49%;16%;0;10;100;;10;5;-149;0;1;56;55;38;35;43;40;2;15%;20%;28%
icon;icx;6;63%;8%;65%;37%;0;10;100;;11;11;-135;0;0;39;53;30;33;46;48;2;-4%;17%;18%
blockstack;stx;6;79%;11%;32%;42%;0;0;101;;11;13;-131;10;1;51;74;40;37;40;49;2;0%;3%;-5%
bitcoin-cash;bch;6;74%;21%;25%;31%;100;0;101;;1;20;-97;0;1;41;60;31;49;40;47;2;1%;6%;-11%
terra-luna-2;luna;6;103%;9%;31%;20%;0;0;100;;11;0;-133;0;1;41;60;38;25;40;44;2;1%;5%;-14%
pundi-x-2;pundix;6;37%;12%;68%;11%;0;10;0;;10;4;-121;0;0;36;34;55;37;52;42;1;1%;-17%;-34%
storm;stmx;6;183%;44%;70%;27%;100;10;0;;10;6;-19;0;0;32;20;47;48;53;44;2;-1%;-16%;21%
balancer;bal;6;64%;8%;40%;31%;0;1;100;;11;1;-140;0;0;33;55;54;26;41;47;2;-1%;0%;10%
hive;hive;6;47%;8%;68%;12%;0;10;100;;10;4;-137;0;0;37;44;39;34;47;43;1;0%;-6%;-17%
aurory;aury;6;180%;37%;10%;101%;0;0;11;;1;2;-45;0;0;21;20;48;45;27;68;2;-1%;12%;267%
yearn-finance;yfi;6;45%;11%;32%;0%;0;0;100;;11;4;-130;10;1;43;63;31;34;43;37;1;-1%;3%;-1%
shiba-inu;shib;6;48%;36%;16%;54%;10;0;1;;1;13;-58;0;0;37;44;52;43;35;51;2;1%;10%;14%
matrix-ai-network;man;6;46%;10%;0%;7%;0;0;0;;10;26;-145;10;2;75;59;46;38;37;28;0;10%;-22%;-44%
stratis;strax;6;38%;12%;68%;46%;0;10;1;;10;8;-127;0;0;33;39;53;36;50;49;2;0%;-7%;3%
playdapp;pla;6;36%;9%;61%;31%;0;10;100;;11;0;-131;0;0;46;51;43;36;43;46;2;1%;16%;-29%
sharering;shr;6;48%;23%;49%;38%;0;10;1;;10;11;-84;0;1;52;59;51;37;47;47;3;0%;24%;25%
metis-token;metis;6;112%;14%;37%;44%;0;0;1;;11;8;-122;0;1;44;61;48;26;42;48;2;-7%;9%;21%
keep3rv1;kp3r;6;52%;8%;45%;29%;0;0;100;;11;2;-141;0;1;38;73;42;32;42;47;1;-2%;7%;-4%
wazirx;wrx;6;61%;31%;32%;24%;0;0;100;;11;5;-62;0;1;47;62;40;40;42;46;0;0%;-9%;-8%
digitalbits;xdb;6;157%;41%;23%;20%;10;0;0;;1;0;-34;0;0;47;42;33;38;37;41;0;1%;-22%;-35%
theta-fuel;tfuel;6;53%;10%;46%;7%;0;0;100;;11;7;-132;0;1;37;64;48;34;42;41;1;2%;-4%;-26%
algorand;algo;6;45%;14%;67%;21%;0;10;100;;10;3;-121;0;1;57;47;30;29;50;44;2;1%;1%;0%
kava;kava;6;75%;8%;15%;37%;0;0;100;;1;1;-136;0;1;45;65;45;33;36;48;2;1%;9%;17%
civic;cvc;6;44%;10%;61%;36%;0;10;0;;10;2;-134;0;1;43;73;43;34;47;47;1;0%;-8%;-25%
chain-2;xcn;6;88%;9%;3%;18%;0;0;100;;11;0;-136;0;2;81;66;41;20;40;41;0;-1%;-14%;-10%
moonbeam;glmr;6;53%;8%;42%;33%;0;0;0;;11;3;-142;0;2;50;69;64;30;38;47;2;2%;17%;1%
humans-ai;heart;6;229%;14%;21%;100%;0;0;11;;11;18;-109;0;0;42;46;52;24;37;58;0;-1%;0%;-8%
fio-protocol;fio;6;27%;6%;20%;64%;0;0;1;;11;5;-149;0;2;61;65;43;34;43;54;3;0%;6%;31%
uma;uma;6;32%;10%;64%;21%;0;10;100;;10;3;-128;0;1;57;39;39;34;52;44;2;1%;6%;-30%
alpaca-finance;alpaca;6;29%;13%;32%;32%;0;0;1;;10;3;-131;0;1;28;61;34;32;43;41;1;-2%;6%;3%
milk-alliance;mlk;6;50%;15%;63%;31%;0;10;1;;10;5;-112;0;1;40;43;59;36;50;42;2;-7%;-13%;53%
joe;joe;6;108%;28%;28%;34%;1;100;1;;10;18;-77;0;0;46;53;33;41;45;41;0;10%;-12%;-16%
seedify-fund;sfund;6;47%;-1%;17%;50%;0;0;10;;1;3;-169;0;1;46;34;75;28;33;47;2;0%;-11%;-2%
vite;vite;6;34%;8%;34%;10%;0;0;100;;11;5;-143;0;2;59;62;43;32;43;39;2;1%;43%;0%
apecoin;ape;6;92%;8%;12%;42%;0;0;101;;11;7;-140;0;0;46;35;40;26;33;50;3;6%;27%;104%
internet-computer;icp;6;42%;2%;54%;33%;0;1;100;;11;7;-154;0;1;49;60;33;32;43;49;2;-5%;6%;11%
kardiachain;kai;6;29%;20%;31%;51%;0;1;10;;11;1;-105;0;0;47;43;52;39;46;47;1;-1%;-2%;2%
metahero;hero;6;33%;16%;12%;42%;0;10;1;;10;8;-113;0;1;51;56;51;31;44;48;0;1%;3%;-7%
babb;bax;6;80%;12%;43%;26%;0;10;0;;10;25;-130;10;1;63;55;55;35;46;41;0;0%;-22%;-18%
sonm;snm;6;1015%;12%;27%;48%;0;0;10;;11;10;-116;10;2;21;57;76;18;36;49;1;-2%;11%;-5%
titanswap;titan;6;102%;10%;37%;29%;0;0;101;;11;0;-126;0;1;52;72;40;24;43;47;1;6%;-11%;-12%
netvrk;ntvrk;6;162%;12%;30%;41%;0;1;100;;11;1;-128;0;1;34;38;66;30;44;50;4;1%;7%;5%
dock;dock;6;51%;21%;64%;25%;0;10;100;;10;10;-104;0;0;52;38;37;39;53;45;1;13%;-11%;-63%
vidt-dao;vidt;6;48%;7%;54%;34%;0;10;100;;11;12;-139;10;0;53;54;52;28;46;48;3;-1%;2%;-2%
stacktical;dsla;6;189%;14%;60%;-1%;0;1;100;;11;20;-117;0;0;50;53;23;32;49;31;2;0%;-8%;-13%
viberate;vib;6;43%;23%;71%;6%;0;10;100;;10;12;-97;0;0;50;39;46;36;56;42;1;-1%;-4%;18%
proton;xpr;6;49%;13%;54%;16%;0;10;0;;10;0;-123;0;2;46;57;62;28;45;44;0;0%;-10%;-11%
cortex;ctxc;6;51%;15%;43%;49%;0;10;1;;10;22;-117;0;0;54;31;41;36;46;51;1;-25%;-10%;-68%
benqi;qi;6;41%;14%;64%;16%;0;10;100;;10;10;-120;0;1;57;50;32;35;49;40;2;3%;23%;6%
republic-protocol;ren;6;66%;2%;26%;52%;0;1;110;;11;2;-153;0;0;43;32;53;30;40;52;3;0%;1%;14%
floki;floki;6;79%;9%;32%;45%;0;0;100;;11;14;-140;10;1;54;72;46;34;39;50;1;-6%;2%;3%
holotoken;hot;6;45%;10%;49%;13%;0;10;100;;10;10;-128;0;0;47;54;43;29;45;43;4;-1%;41%;41%
pha;pha;6;41%;28%;51%;21%;0;110;0;;10;7;-71;0;0;50;16;36;42;52;44;1;0%;-16%;-75%
power-ledger;powr;6;34%;19%;67%;18%;0;10;100;;10;5;-109;10;0;48;27;38;43;49;41;2;0%;-21%;-25%
strike;strk;5;27%;11%;42%;21%;0;10;0;;10;4;-127;0;1;52;39;59;38;44;42;1;0%;8%;-44%
quant-network;qnt;5;13%;20%;34%;14%;0;0;0;;10;6;-113;0;2;59;67;33;42;45;40;2;0%;7%;16%
swash;swash;5;71%;22%;19%;47%;0;0;1;;11;7;-105;0;0;39;47;50;38;41;48;0;-1%;-3%;-3%
terrausd;ustc;5;67%;21%;31%;34%;0;0;100;;1;0;-85;0;0;41;41;47;38;40;48;0;0%;-29%;-44%
oraichain-token;orai;5;88%;11%;8%;21%;0;0;0;;10;18;-128;10;1;55;66;36;36;41;38;1;11%;-4%;-5%
zcash;zec;5;45%;12%;52%;20%;0;10;0;;10;0;-121;0;0;48;55;26;37;46;39;0;-1%;1%;0%
amp-token;amp;5;49%;14%;20%;25%;0;0;0;;11;10;-126;10;1;46;61;34;33;40;42;0;0%;-15%;-34%
terra-luna;lunc;5;74%;8%;32%;25%;0;0;100;;11;0;-136;0;0;35;50;44;27;41;47;2;2%;3%;-4%
walken;wlkn;5;1194%;33%;12%;59%;1;0;1;;11;4;-50;0;0;48;46;34;22;37;52;1;-1%;-3%;-4%
tribe-2;tribe;5;19%;12%;52%;27%;0;10;0;;10;14;-126;10;2;47;56;59;43;47;47;2;0%;-17%;-21%
quark-chain;qkc;5;47%;9%;25%;81%;0;0;1;;11;7;-134;10;0;38;55;53;36;41;57;2;0%;14%;8%
golem;glm;5;46%;15%;63%;28%;0;10;0;;10;7;-114;0;1;37;36;56;39;48;43;1;-2%;-17%;-41%
lisk;lsk;5;38%;11%;37%;31%;0;0;1;;10;7;-128;0;1;44;47;56;38;43;40;1;-2%;-10%;-74%
dopex;dpx;5;138%;21%;27%;45%;0;0;101;;11;1;-87;0;0;42;45;40;29;39;50;1;0%;-11%;-7%
dogechain;dc;5;72%;31%;0%;-1%;0;0;0;;10;2;-79;0;1;53;66;23;41;41;29;1;1%;-18%;-22%
convex-finance;cvx;5;78%;12%;11%;18%;0;0;0;;1;9;-115;0;0;39;40;36;31;31;40;1;-14%;12%;18%
acala;aca;5;102%;13%;53%;21%;0;10;0;;10;0;-112;0;0;40;39;26;35;48;41;1;-3%;-23%;-63%
gala;gala;5;63%;-3%;16%;58%;0;0;10;;1;8;-179;0;1;39;11;57;28;23;47;3;1%;8%;67%
harvest-finance;farm;5;41%;14%;51%;23%;0;10;0;;10;2;-126;0;0;50;24;55;34;48;45;3;-1%;0%;87%
lazio-fan-token;lazio;5;30%;14%;2%;11%;0;0;0;;1;0;-137;0;1;47;57;43;38;35;39;2;-6%;-5%;-2%
venus;xvs;5;46%;17%;27%;6%;0;0;100;;10;14;-106;0;0;46;36;46;38;45;41;3;0%;30%;269%
openanx;oax;5;111%;10%;34%;13%;0;10;0;;10;12;-127;10;0;47;53;13;30;45;30;1;4%;-34%;-65%
gains-network;gns;5;66%;0%;51%;38%;0;1;100;;1;26;-173;10;0;37;44;52;33;38;54;1;1%;-5%;-31%
dero;dero;5;113%;8%;23%;17%;0;0;100;;11;21;-135;10;0;38;47;46;24;38;44;3;0%;16%;-13%
boba-network;boba;4;23%;6%;30%;73%;0;0;1;;11;2;-145;0;2;60;52;58;29;39;55;0;-1%;-3%;-3%
epik-prime;epik;4;65%;10%;11%;2%;0;0;0;;0;8;-140;0;0;40;37;24;36;31;28;2;-2%;12%;3%
verge;xvg;4;490%;31%;10%;13%;100;0;0;;0;13;-63;0;0;35;36;16;46;34;32;1;2%;0%;-16%
pnetwork;pnt;4;91%;20%;23%;17%;0;0;100;;10;5;-108;0;0;55;48;30;37;43;42;1;0%;-2%;-8%
covalent;cqt;4;61%;12%;27%;-1%;0;1;0;;11;19;-122;0;0;42;34;40;32;43;30;1;-2%;-12%;-4%
redfox-labs-2;rfox;4;81%;3%;12%;0%;0;0;0;;10;16;-146;10;1;39;56;34;32;37;30;2;15%;28%;-1%
wink;win;4;23%;9%;29%;25%;0;0;0;;11;3;-139;0;1;53;73;34;34;40;43;1;-1%;-4%;2%
qredo;qrdo;4;176%;21%;24%;0%;0;0;0;;10;2;-86;0;1;43;56;8;29;41;22;0;1%;-8%;-20%
paris-saint-germain-fan-token;psg;4;28%;14%;11%;18%;0;0;0;;11;0;-116;0;1;50;56;14;33;39;38;3;24%;5%;-3%
gamium;gmm;4;123%;7%;13%;26%;0;0;0;;1;8;-133;10;1;46;59;53;31;27;34;1;0%;-2%;0%
telos;tlos;4;186%;17%;7%;28%;0;0;0;;1;7;-103;0;0;41;45;51;34;26;35;2;0%;-3%;-2%
green-satoshi-token;gst-sol;4;73%;10%;14%;1%;0;0;0;;10;0;-124;0;1;29;62;49;25;40;33;1;-1%;2%;2%
orion-protocol;orn;4;51%;5%;15%;12%;0;0;100;;10;2;-147;0;0;54;52;30;32;36;36;2;3%;0%;2%
hydra;hydra;4;423%;23%;15%;37%;0;100;1;;10;1;-79;0;0;20;23;45;22;37;44;0;0%;-20%;-16%
noia-network;noia;3;64%;6%;-1%;26%;0;0;0;;10;4;-138;0;0;52;45;38;33;33;32;3;4%;9%;16%
stader;sd;3;109%;17%;8%;33%;0;0;1;;1;17;-124;0;0;54;26;18;36;13;33;3;-1%;7%;26%
constellation-labs;dag;3;56%;16%;-3%;8%;0;0;0;;0;2;-112;10;0;46;24;1;37;28;33;2;3%;6%;8%
